seg_id,time_to_failure
seg_60dacd,8.49206019767853
seg_3f99c8,3.2430845483303536
seg_687a5c,2.7736597393386018
seg_82ce27,3.702489829103602
seg_d91492,7.442031583634272
seg_d59e4e,3.807790709694248
seg_3506d6,3.1718957070599405
seg_650de2,2.8460308790843265
seg_814b1f,2.9894782661745185
seg_0c247b,7.614001845678094
seg_759fb1,5.533185812854217
seg_a7e49b,6.210959967637647
seg_ce72e2,3.313854811493984
seg_84b9d9,2.7761825176784307
seg_f30f0c,7.5784383255754735
seg_c047b7,4.692789695812263
seg_47fed6,8.73843680976334
seg_3b7175,4.146319873234542
seg_7020c5,7.254501757437207
seg_c6f533,2.9448660326267846
seg_692e7a,9.593742579845463
seg_c0c0ed,4.8760391261093465
seg_fd9ac1,4.464832901262025
seg_74537f,5.2424940480786715
seg_acd715,8.49206019767853
seg_31d810,8.326565341154758
seg_0144cb,5.0897516517783865
seg_0bc877,3.7392095675208266
seg_ae9626,2.7736597393386018
seg_a55540,10.357179020517492
seg_304df5,9.193586491623057
seg_86d847,9.798009197471131
seg_287fef,3.613804719750574
seg_d6ea73,3.469349169407153
seg_66820a,3.611096704207213
seg_a8e71a,3.0742806059231302
seg_17d1ff,3.3602903680202263
seg_ea9fa4,8.49206019767853
seg_8be76c,2.7736597393386018
seg_41f45e,8.411170815608052
seg_14c435,2.7147069397798336
seg_04cceb,8.620594615604753
seg_476bdb,3.1429967739549856
seg_59eb97,4.665449596761276
seg_77dbe7,3.3262457411295645
seg_14c054,7.675210581841387
seg_92310f,5.815338779709142
seg_e256bd,3.244828801114387
seg_61f504,2.9696294846843534
seg_d30a9d,3.088832970580892
seg_caa919,3.648500608912144
seg_63130f,8.428816158257787
seg_8244bf,4.082335236737658
seg_eb0b19,8.454797589197764
seg_e48c23,7.769735986238812
seg_d44589,3.421893069774163
seg_5d333e,9.522625792140838
seg_e54932,8.985471832712568
seg_826208,4.619988633210478
seg_59058a,2.7736597393386018
seg_ad949a,3.664795734271901
seg_eaa0ec,8.002911007119652
seg_9e8ca4,9.161252993807633
seg_94aa0a,6.243981895677284
seg_fcb7d0,8.49206019767853
seg_762188,8.428816158257787
seg_8e7fca,4.239765528173142
seg_feb312,6.9639954549875895
seg_e481c7,7.0353275087924825
seg_1c929e,3.1459936475719283
seg_d5b100,3.6113682466692048
seg_1a8f2c,8.027540492993444
seg_259c63,3.6295643731167138
seg_7e9eb7,8.428816158257787
seg_8bf229,7.022871227342953
seg_80fb86,5.703280201038054
seg_c81fec,3.379012536523549
seg_15c9f9,3.103114419971296
seg_945bc8,2.9448660326267846
seg_304b87,2.962526120361272
seg_98be13,4.695971751485856
seg_b9bdd7,3.661275717575603
seg_7cbb45,2.7113610505911616
seg_e0f296,7.195437901127366
seg_585872,8.576921552035653
seg_4b953a,4.02646134447274
seg_11860f,4.695320697750412
seg_6fd5bb,8.199102820541299
seg_db3446,8.727827925909518
seg_7cdfe5,3.0866128579778125
seg_52c139,9.771238621920627
seg_00030f,3.225867775659548
seg_24157a,6.433883431589037
seg_fdd50e,2.7736597393386018
seg_f6cfd4,8.61558745879691
seg_091c9d,7.611903353058333
seg_c186dc,3.6153457318278335
seg_b89e47,2.870794331141896
seg_cd0691,2.8026494092347343
seg_fb9b2e,8.199102820541299
seg_725772,8.662399168161635
seg_ce7537,3.417088154633733
seg_154361,8.73843680976334
seg_b42170,2.9448660326267846
seg_760d70,3.857962445127004
seg_3cba49,6.087599483328588
seg_4ad5a2,5.649577258480378
seg_20e9ad,4.050681480704748
seg_ced992,2.8744858965213833
seg_a4ad7c,8.49206019767853
seg_e15cb9,6.664279704565277
seg_c550b1,9.797220052860604
seg_de8180,3.8126517405741827
seg_d90c5f,3.1459936475719283
seg_5ec0e3,8.867792911534075
seg_533613,8.92927054557454
seg_0c89ce,6.174735055436046
seg_0e3d44,3.1459936475719283
seg_832a4d,3.81113633429284
seg_d2ad9a,3.280913180227632
seg_ed07b0,3.6682394383920256
seg_586726,3.1915807298334613
seg_517345,5.709465673834237
seg_cf0e43,4.127581140945605
seg_4587bb,8.199102820541299
seg_c0ea9f,3.4021321306341616
seg_83dc2e,8.492744090815918
seg_ce9f59,2.9894782661745185
seg_c365de,3.66752333184468
seg_e2c82c,4.657436365826823
seg_2b372b,3.1683805909239284
seg_b3d886,2.8997840010380287
seg_ab70bd,6.123136743123967
seg_32f72d,6.210959967637647
seg_578e84,8.491021848867344
seg_634180,4.109975024895387
seg_ddd206,6.531726733858358
seg_8c1cca,3.874112529568488
seg_0d762e,7.983454161032128
seg_78852d,5.673312140479393
seg_b44c2e,7.139345287270382
seg_8353f5,10.556986256730287
seg_c46ce6,2.8026494092347343
seg_3234ca,3.5390419942423845
seg_64bcb9,8.463923952393097
seg_09ed4e,8.568431070159868
seg_3f3983,7.0050099469655285
seg_2fe382,3.5202529323969847
seg_6f2222,2.8026494092347343
seg_3d1cb3,4.063777998802712
seg_1e0b82,7.6628693143136015
seg_3f80ef,2.77704126814544
seg_049957,8.428816158257787
seg_e8ce6a,3.2316665081414624
seg_c42490,3.685677967720192
seg_660fe1,3.6089774304642885
seg_83f89e,8.620594615604753
seg_4db886,9.350876914320649
seg_11647f,2.9894782661745185
seg_9a81a3,6.242095553914707
seg_1db443,6.907810332065576
seg_3128e6,3.0623287465703712
seg_42648c,3.335347898869084
seg_ef47c4,8.695251468856032
seg_0b4b24,3.03439825193944
seg_597bd6,6.337384667226733
seg_87e4e8,2.7736597393386018
seg_0e9987,3.8775159897981344
seg_17067e,4.641731304697734
seg_ada42c,3.3226199690928437
seg_176542,7.415965057879252
seg_0f565c,3.6428800103689833
seg_c5325c,10.43046751029831
seg_cacd58,5.1483661009446315
seg_8d4965,4.789567698570228
seg_9ab405,2.7736597393386018
seg_36147d,3.037773271382852
seg_b735a5,7.373536330342102
seg_18f853,4.72272471202095
seg_23b123,10.39444162899826
seg_511d25,8.327201740613956
seg_14c89d,3.3424035740452105
seg_91607c,3.9152307466585454
seg_7630c5,8.462566382463768
seg_d32f8a,5.106982130155262
seg_073696,10.517354917690053
seg_db3fbe,10.39444162899826
seg_e3d751,2.7736597393386018
seg_93d864,4.063777998802712
seg_57ea44,2.9894782661745185
seg_bff392,3.1754855597170204
seg_80622d,7.9666131078641405
seg_5d94b2,2.8140111495757085
seg_086a61,7.8902808819339025
seg_2bcbde,8.428816158257787
seg_70a60e,6.801687085833657
seg_d2f588,10.341555047424887
seg_a420d4,3.2414583175548057
seg_8773cf,3.336553692789343
seg_dcee28,4.390137597618434
seg_ff79d9,3.0883134197169766
seg_6968c8,2.5776420335125367
seg_983778,8.551791852824486
seg_4db997,2.950294216290448
seg_3065ba,3.5692309797134287
seg_3151ff,4.544390706617083
seg_284223,6.239742549336988
seg_2f9336,5.464580700097618
seg_49322d,8.639414710366362
seg_4435bd,2.8724948928810603
seg_19b08e,3.1029767878559524
seg_07f8df,2.8864483313612186
seg_e3dafa,8.631675109580609
seg_ab2a78,3.1232568042810427
seg_72859b,3.6279384323611374
seg_dc5e63,2.8417220776407284
seg_35ee83,2.9014845627771924
seg_848695,3.8324578781449055
seg_90b174,2.9894782661745185
seg_e9aa44,8.926129264514381
seg_355717,2.8460308790843265
seg_f0181d,3.26317518892097
seg_f6828d,2.9894782661745185
seg_66e45a,5.149980084058619
seg_5e70a7,7.774294972863232
seg_59cd7d,3.5497359842490224
seg_c571ef,6.1291992432147575
seg_a6e99c,3.5584922258633047
seg_70e891,2.90150677323912
seg_1b78af,3.542013919758397
seg_9d57a1,7.458350756568793
seg_12ee6e,3.3393100565388765
seg_ad3a44,2.7736597393386018
seg_5bdb47,3.3450650846083634
seg_19e1ff,6.79327310658082
seg_a9a820,2.8724948928810603
seg_7cd6b1,3.41485473328327
seg_8cf573,4.586136045097911
seg_b687fc,3.67928538887365
seg_8bc20c,2.8460308790843265
seg_abeca6,8.54546057095513
seg_a6c5cc,4.286710708711009
seg_920132,8.632269404728165
seg_b64c9c,8.549771462598535
seg_377134,2.8017082949454224
seg_ea05c1,8.009841650078226
seg_97e4a9,8.576921552035653
seg_d56d32,7.237683096222893
seg_57dd68,9.489069156884133
seg_570a20,4.582778505138965
seg_3761d0,2.7736597393386018
seg_f66db1,7.5679832478523155
seg_ea4d3a,7.738777234421827
seg_7a521c,3.7633597248384776
seg_065588,3.5759760878532965
seg_c5c6ea,4.9029390908713015
seg_500c80,6.983862588450588
seg_521a88,7.708021558808983
seg_d3d8fc,3.9932451945574985
seg_a11dd5,3.62713659019092
seg_0968f1,8.484918639780242
seg_44d3ca,3.4606242064094985
seg_f5a4ee,9.771238621920627
seg_26edaa,9.389111687400034
seg_1cd352,4.004825199243943
seg_8d3a9d,7.413672492953378
seg_1e61d6,3.440255023616156
seg_fedbd1,7.661159068883622
seg_8a8375,7.0353275087924825
seg_cc096e,10.48661200894648
seg_aa0180,3.646047738866488
seg_1969c8,8.158775644747234
seg_a2d47d,3.355473943689154
seg_81c432,3.447186689920698
seg_2a0afc,6.155650391672131
seg_de4e1d,4.5063165211720255
seg_14c371,8.554724176459807
seg_48a4b3,8.199102820541299
seg_468fdb,3.9665408688482433
seg_d26f7d,8.525810421884511
seg_9ae1a1,8.568431070159868
seg_30b043,3.1193672490498567
seg_58ea74,9.60500181259858
seg_ee7224,3.1718820370253966
seg_3ec967,2.665989349023039
seg_0a0fbb,10.39444162899826
seg_fdba93,3.5037377551104174
seg_121446,8.73843680976334
seg_f0574b,3.8029006056171615
seg_c80857,2.9664314720465828
seg_e5750a,8.49206019767853
seg_53bdf5,8.199102820541299
seg_96642e,4.464832901262025
seg_929ded,5.708580496482885
seg_7b0936,9.771238621920627
seg_bd7109,4.510817022279565
seg_53a557,3.175115521534265
seg_ac9de5,3.6885673174086833
seg_b4cb44,8.551791852824486
seg_974049,3.7975832057004215
seg_4ae712,8.491021848867344
seg_ada81a,8.428816158257787
seg_a58a6e,3.5303513742721084
seg_f1b916,3.0883134197169766
seg_be0cdc,2.870794331141896
seg_652cc2,3.8448148150762873
seg_89b090,2.870794331141896
seg_81c1a6,8.454797589197764
seg_db694a,3.4420833286820254
seg_774ad2,3.6142601886338426
seg_69a230,3.595612135356109
seg_dff078,3.5281489519782547
seg_d71352,8.525810421884511
seg_7d2535,3.037773271382852
seg_311499,3.29374770023772
seg_566efe,8.462566382463768
seg_b917b5,6.054613492403206
seg_dad4f2,6.242095553914707
seg_b8bb87,8.462566382463768
seg_25e76d,2.7736597393386018
seg_a68007,2.9696294846843534
seg_bb2d77,2.8859132330680164
seg_4d53c2,8.428816158257787
seg_8d030a,4.720602517560644
seg_38001b,3.1459936475719283
seg_21faa9,9.863409001868847
seg_abb06a,6.690880328686572
seg_ae32a6,5.049685147428214
seg_337b8c,2.7736597393386018
seg_2018c8,10.621337444735587
seg_7eb108,9.771238621920627
seg_cb806c,2.996236731831709
seg_7b5f90,8.073266948404074
seg_c1fe9a,2.7736597393386018
seg_cf3825,3.3999394086131307
seg_af2472,3.8050865191888894
seg_db6d5f,7.1924246146846045
seg_3ae4d9,2.870794331141896
seg_1e0523,3.8211431790536574
seg_490d6e,6.415231023436951
seg_73565e,3.389531658347098
seg_67330f,4.135887137172018
seg_eb692c,10.39444162899826
seg_6fc3ef,9.555143531946317
seg_1abcaf,3.244828801114387
seg_71b4e0,3.482275749001021
seg_62331a,3.0883134197169766
seg_d3f6b0,3.891824616154498
seg_de9e32,10.612727047683393
seg_9c2843,2.870794331141896
seg_943de0,8.462566382463768
seg_05bef4,3.6818836663812418
seg_931244,8.462566382463768
seg_0cf651,3.1459936475719283
seg_56e6f1,3.727208221061328
seg_6dd0fc,3.738630406141652
seg_0e9bb3,6.3715861344448985
seg_3a1600,3.8010952897947576
seg_7540f3,6.386088091695124
seg_19515c,5.057102353643828
seg_b9ad7f,4.362937186333188
seg_5e1bba,6.3715861344448985
seg_f1f5b9,5.088987118539082
seg_421da1,8.353527181085656
seg_d29a4b,4.635680897304424
seg_be30ce,4.385808788353624
seg_67599b,6.361682033154023
seg_5a947e,3.566074370965137
seg_b378bc,3.088832970580892
seg_7d718e,8.428816158257787
seg_eefd4a,2.7736597393386018
seg_e6e1df,3.2347493620468395
seg_263fb3,3.5213427168963443
seg_ca2d1b,2.9448660326267846
seg_b4f7a8,3.76961864578258
seg_6c292b,5.667542456050825
seg_482745,3.136608424925309
seg_e2209b,3.570942124645333
seg_ddc800,9.024725960013507
seg_9c090f,2.7736597393386018
seg_59cfdb,8.568431070159868
seg_d32f71,2.7761825176784307
seg_6f9a98,7.123661269596009
seg_ab4bca,3.5167140799255585
seg_d21eb6,8.199102820541299
seg_5009d9,4.076672546225312
seg_f60872,6.3739076866448805
seg_13c2f0,3.327142658027144
seg_26049e,9.522625792140838
seg_37f3fb,2.7736597393386018
seg_6f650f,8.428816158257787
seg_b23489,3.127192689346587
seg_81a8ea,8.525810421884511
seg_d9352b,7.783287256183589
seg_2e71dd,2.7736597393386018
seg_1d044c,3.6185409042761454
seg_274a1a,6.3715861344448985
seg_117ff4,3.200232185978031
seg_55d50b,3.649167352122044
seg_e051bc,3.7414443572623344
seg_5495ca,3.103114419971296
seg_c2a0c8,3.4402795644956345
seg_ba3c47,2.8026494092347343
seg_d0f262,4.456938468747201
seg_8baeab,3.759542349173969
seg_d16534,8.43410241499352
seg_eb47a9,3.1459936475719283
seg_26a2a0,2.7736597393386018
seg_c607eb,3.5115154229445813
seg_7ef97b,3.037773271382852
seg_263deb,3.5303513742721084
seg_103b32,3.0735984311325555
seg_85762d,5.95659793790253
seg_00a37e,3.974049371347117
seg_6da1ff,6.219740727824143
seg_fc8fd6,2.8711813080353954
seg_241266,3.4564463373777716
seg_6b9d02,3.5719269992526788
seg_a6eed3,3.9789237551695247
seg_c94941,3.248512631317632
seg_523945,2.8026494092347343
seg_e5f9ec,8.199102820541299
seg_72858d,2.7736597393386018
seg_fdff11,2.7736597393386018
seg_613702,3.660253136507828
seg_8a3306,3.0394102126467795
seg_c01a57,3.0866128579778125
seg_421a96,4.665449596761276
seg_95357d,5.315860330483384
seg_9c6715,2.7736597393386018
seg_d1ca05,8.491021848867344
seg_7fd6b7,8.488547813403743
seg_f0d278,3.037773271382852
seg_934087,2.8997840010380287
seg_6eedcc,7.738777234421827
seg_a1d8da,6.441450144154586
seg_738be6,3.701744250548263
seg_1fa983,3.5188727532270065
seg_ffe7cc,8.518041628618505
seg_3af649,4.546694502986068
seg_d7a805,7.309416717588823
seg_d2db6b,4.2837393576992255
seg_b6bdaa,6.9125570987588905
seg_cf9a49,4.2967091105032695
seg_2f60db,7.607008867002378
seg_715e2c,6.581588271089433
seg_b91ae2,3.4474969278393663
seg_5639b3,6.3715861344448985
seg_2e2372,6.502975279849327
seg_e30e44,3.0866128579778125
seg_91596c,7.998946605679567
seg_5e7abf,3.0883134197169766
seg_14c8ce,8.199102820541299
seg_966f3d,4.06837372063418
seg_74d58a,10.565596653782489
seg_441c6d,9.45281247574872
seg_0b9ba3,10.341555047424887
seg_ec4645,4.720602517560644
seg_407b2b,4.35189732545205
seg_45e4ed,2.8408516197309717
seg_29022f,3.696490142412092
seg_bd40f2,8.454797589197764
seg_ee1cfc,3.2275978863081383
seg_4d0008,3.329119999634337
seg_c27591,3.7398968425356136
seg_3e55d5,3.0866128579778125
seg_e6e24e,7.590319763799051
seg_6c8a45,4.522223350678896
seg_077b7e,3.7370604165188666
seg_e3ca24,8.266312718585992
seg_7862ed,3.088597588194294
seg_c7a579,8.302907917818265
seg_739679,3.3256026018470064
seg_3a8a76,3.1459936475719283
seg_339f80,6.871598919530307
seg_b8725b,3.3435225173323238
seg_922914,5.831237348591608
seg_f57ca1,8.49206019767853
seg_0ba585,2.8724948928810603
seg_27db4d,8.052705102170178
seg_72ebda,5.671852920562537
seg_76d16c,8.351787447736662
seg_f96d5a,7.906121951819136
seg_31631c,7.746737523790065
seg_ccdc28,2.9894782661745185
seg_496dad,3.103114419971296
seg_1ac9e2,4.439130382238793
seg_b95010,2.8724948928810603
seg_517425,2.7736597393386018
seg_355d19,9.95480245908978
seg_e9df42,7.6628693143136015
seg_5ad847,3.109356517482925
seg_e52f8c,3.895421558168047
seg_4b4ffb,2.870794331141896
seg_ceab44,7.346561070361752
seg_f69c38,3.37521933218342
seg_ba5e7e,3.2311538754481823
seg_ef660a,8.461462055070701
seg_6dfab7,3.1654579986120592
seg_20cc25,2.9894782661745185
seg_85e9c6,8.73843680976334
seg_9a92db,3.917773470623436
seg_136695,8.580500133364644
seg_dc188b,3.8958629673373837
seg_07c815,2.8724948928810603
seg_5f24d3,8.629806059829455
seg_d07c62,3.825288144178965
seg_d5dbc1,3.1429967739549856
seg_91eaeb,4.3305469575581945
seg_e27c0a,3.663208962768431
seg_aed434,6.075269497660713
seg_ae9761,8.568431070159868
seg_7189ca,7.774088955143796
seg_e47d2b,3.636049494051556
seg_885f53,8.266312718585992
seg_bcf6af,7.253931225065162
seg_524b39,5.831237348591608
seg_fb76ca,6.123136743123967
seg_8344ee,3.9022211109921847
seg_4dbbd1,7.983454161032128
seg_b50239,3.3191084021912367
seg_c21723,3.316908898170633
seg_e4f403,2.9014845627771924
seg_f6659e,4.885261267717219
seg_dd699c,2.8460308790843265
seg_6b0107,7.6494596668338275
seg_5f46a5,9.850315182134514
seg_a173d8,4.730128176743341
seg_4d0041,7.909826747291883
seg_1ebe6b,2.8724948928810603
seg_82303e,3.101473624608712
seg_e81b50,3.814340601105972
seg_90bf60,10.512593439886457
seg_0ba210,10.39444162899826
seg_9fc7c2,2.8026494092347343
seg_876904,6.8049439906526485
seg_ed7dee,3.8097766060091103
seg_5d92af,6.9125570987588905
seg_5e668a,10.403760738034444
seg_419531,9.169202887854334
seg_180481,4.673860721057311
seg_c9f80a,3.6682394383920256
seg_9b0439,6.59999016282776
seg_9ca72e,2.8026494092347343
seg_9bee43,2.8460308790843265
seg_5c8ae5,3.995589701138267
seg_7012af,8.462566382463768
seg_b197e2,4.375715559260262
seg_004314,3.037773271382852
seg_b695b3,3.627927621582957
seg_5a242e,6.423450893107244
seg_2a0ace,10.612727047683393
seg_76b76f,8.428816158257787
seg_b9de03,3.1798124837890662
seg_aba501,3.87162679954449
seg_e9a09f,2.9301341075941636
seg_c62a06,3.997545793094572
seg_0488a1,8.116389990368656
seg_76f3f2,8.002907849412331
seg_99f677,6.8950509724680185
seg_e0cfd4,5.709465673834237
seg_0879a8,9.062545271281019
seg_8f3dfe,5.2000455654032764
seg_3ce740,9.504759709306072
seg_6c309f,3.4729905995930426
seg_bcf2d9,4.943120313391823
seg_a41c2c,7.192198519734568
seg_eccb17,3.4186660370950217
seg_746d1d,3.661275717575603
seg_016cdb,2.7782205263245374
seg_b88baa,8.57339986174117
seg_47d374,3.4726202603959844
seg_d27193,3.7871323997085056
seg_0b3b94,4.546694502986068
seg_268249,4.734570388011031
seg_7bec10,10.567187242854342
seg_34abd2,2.7736597393386018
seg_952faa,3.5768706261396623
seg_1e572b,7.744513567389902
seg_b66b87,4.005425477645227
seg_65f01e,10.512593439886457
seg_691a72,6.303706446139048
seg_440106,7.632912546725731
seg_b291c0,3.0883134197169766
seg_31d763,4.5952054276045065
seg_fd19b8,9.885664586748732
seg_827a21,3.4229029601167853
seg_e30ef5,3.1459936475719283
seg_229eda,7.6745293209669425
seg_3d19fc,3.3655871566529614
seg_7d2e57,8.037222048393476
seg_2ed79b,3.1224941929512937
seg_3a80c5,6.054613492403206
seg_071067,4.2131331354809936
seg_b5a447,8.199102820541299
seg_4dfa03,3.491345120631317
seg_a4e745,9.669774461550183
seg_a31d6e,8.158775644747234
seg_c60dca,2.8879073828891886
seg_84a65d,10.456448941238284
seg_45a8a9,3.4928044764333337
seg_5924f5,4.171538469228183
seg_4743ab,7.738777234421827
seg_dc23c0,8.753745913977237
seg_27de37,6.9617833522025885
seg_5a67b5,7.781685124787942
seg_d40bb2,8.428816158257787
seg_3b2013,2.8026494092347343
seg_cc2c46,5.316860766945164
seg_d89369,4.227738848607741
seg_8a41bf,3.389531658347098
seg_193404,8.428816158257787
seg_cf646e,5.673312140479393
seg_aee9bf,3.136608424925309
seg_fbf17a,7.7986637692711485
seg_f0ce4a,2.7736597393386018
seg_a8ddf7,3.2237848155503843
seg_b91011,6.210959967637647
seg_99f76c,3.810131203237903
seg_6696d0,3.9482851146958966
seg_04a696,8.215178369866395
seg_93f935,3.0866128579778125
seg_812962,3.814340601105972
seg_03d680,9.060164984356769
seg_b0d251,6.019739110568497
seg_fb00b3,8.428816158257787
seg_0dae4b,3.7663584853871392
seg_04fd93,5.831237348591608
seg_bf2d1f,8.568431070159868
seg_ceb942,3.1955259655617363
seg_80b9b4,6.92810350648012
seg_4eef28,9.161252993807633
seg_62a403,8.568431070159868
seg_0b082e,9.518380618478083
seg_2dc6ff,3.0155187754944803
seg_13468a,3.812282805055873
seg_b853c1,7.937697754336183
seg_a91c03,7.238107402044902
seg_91f512,3.4186660370950217
seg_468bc9,10.48661200894648
seg_b72413,7.626970424156374
seg_ef779d,3.101473624608712
seg_257b8a,6.568714809567928
seg_ecf81b,8.329653507453383
seg_35ba8f,9.522625792140838
seg_2cadc0,7.474026724925575
seg_f7d792,2.870794331141896
seg_06893f,3.8624045533893168
seg_0df469,3.731045643959532
seg_27a282,3.2497645951703458
seg_634f05,2.7736597393386018
seg_6422d1,7.2058310200538
seg_8777bd,8.462566382463768
seg_cd699e,4.079479799728897
seg_ba4ea3,8.428816158257787
seg_123dd4,8.594412501099843
seg_42ff14,8.261308511150856
seg_29acb7,3.5175011906374802
seg_734a88,9.341920487474788
seg_1b1ad8,4.4012510273435215
seg_ed7f69,3.455772187630973
seg_b853f8,5.730303790614216
seg_9c635d,10.638708478623363
seg_74fcfc,9.67319979585187
seg_a3d4d6,3.3419633929176813
seg_988e69,2.9894782661745185
seg_9fd9b8,6.230172098174991
seg_18d307,2.7736597393386018
seg_c5064e,7.70345710399928
seg_c5fc87,3.355473943689154
seg_1b2298,9.157320739233768
seg_f639ec,5.5753493022462
seg_8a7201,2.4330704313344023
seg_ec973c,8.463250275601157
seg_4f83a3,9.169202887854334
seg_eb7f91,5.298585138574079
seg_151d92,3.715458886812352
seg_c747ad,9.863409001868847
seg_b6c10d,6.868375156756833
seg_32fc4e,8.428816158257787
seg_ec0e7b,8.484918639780242
seg_7fa6ec,2.7736597393386018
seg_b52add,8.462566382463768
seg_279725,8.54546057095513
seg_0dc38f,3.037773271382852
seg_986b6e,8.49206019767853
seg_a543e5,8.641101266974786
seg_2e917f,4.247211672559985
seg_5d45db,6.148139987096201
seg_51865e,2.8724948928810603
seg_9872f9,2.973889270741533
seg_3d059a,3.3602903680202263
seg_5c57a8,3.1459936475719283
seg_01c775,7.799712691475352
seg_063865,6.361682033154023
seg_c11828,2.870794331141896
seg_74b264,3.353905241608007
seg_392019,4.766010808099642
seg_e197b8,4.679549262864871
seg_72c307,7.233145391530185
seg_a39ebc,3.9068708618107015
seg_79c47a,4.696731692582533
seg_54d0f3,3.88612143879105
seg_210388,5.071451882959409
seg_a49ccc,3.27965167077435
seg_d7967e,10.671041976438786
seg_b58542,4.502763079073813
seg_d4c763,7.022871227342953
seg_fc407c,4.312479774814799
seg_0c1d3a,3.1224941929512937
seg_5cfdc4,4.0033602391320215
seg_e5fbc1,2.8026494092347343
seg_b568c6,7.838619688040983
seg_ab3f14,8.348008214628509
seg_e266f4,6.303439015730838
seg_3adb1a,4.598579871710754
seg_fd6340,4.492732238979183
seg_63d651,3.265800506390353
seg_bbbc30,3.4337935435693185
seg_1cf1b5,2.8026494092347343
seg_5f7fd9,3.5505188025330408
seg_c15d21,8.439411961602023
seg_170a0c,8.7654092309802
seg_bbfd4e,10.581437536413627
seg_753190,8.482514556373582
seg_e7ced6,7.6628693143136015
seg_a009e6,6.425354021806246
seg_9f042e,7.983454161032128
seg_e71dda,3.6801346269536235
seg_bcfad6,6.450872615409343
seg_34a2b8,5.003334706616566
seg_121cba,4.0005127416906605
seg_854d91,8.926423765463094
seg_3bb90a,3.6895608999726086
seg_643d1f,6.722522017998277
seg_9aa6e2,3.4465265857963088
seg_9b7ef8,10.612727047683393
seg_420d4e,7.354930103222829
seg_ce5520,3.103114419971296
seg_e5deec,2.9014845627771924
seg_c3f672,7.863315158265911
seg_06bbc5,4.524556064720799
seg_d6dad6,6.70864069852159
seg_9dcae1,6.101398190592869
seg_b1fea8,4.262988566929779
seg_31a51f,2.9894782661745185
seg_c0260d,6.8049439906526485
seg_e50f16,8.525810421884511
seg_f618a8,8.985471832712568
seg_b51380,10.403760738034444
seg_f0db55,2.8026494092347343
seg_84c7fb,4.665449596761276
seg_0fd3ff,3.1232568042810427
seg_331f2b,9.365832530522187
seg_afadfb,6.708125196629777
seg_c747b4,3.0335481977138596
seg_f70b66,4.540907867134406
seg_c565bd,4.0330085591667135
seg_3319b5,9.169202887854334
seg_cd9f9b,8.484918639780242
seg_dbbb44,4.873563752887527
seg_5b7325,4.578024983407495
seg_cec2f2,5.928741769042904
seg_2396a2,3.8295065313361736
seg_ff1a62,9.554959289956262
seg_49d84b,6.630988357706013
seg_1d11e5,3.29374770023772
seg_e6bd3f,2.8724948928810603
seg_fb9491,3.3655871566529614
seg_c01d9a,10.456448941238284
seg_b47c19,5.827808211065513
seg_d1045e,10.638708478623363
seg_2d427f,2.9894782661745185
seg_75654d,3.4423576708747823
seg_7cb417,3.27965167077435
seg_762be4,3.4829862402421226
seg_fd374e,4.4949718944096775
seg_dab0f9,4.589753405041979
seg_9a74d8,6.118807169846753
seg_8866f0,2.9894782661745185
seg_73858d,10.621337444735587
seg_e8d02f,3.130136698544569
seg_18096a,6.669411495603112
seg_9cb464,2.9361537583202817
seg_e24f69,3.2487694981130333
seg_8ae847,3.986030498977232
seg_8fd465,2.9894782661745185
seg_bd00c4,3.101473624608712
seg_29d4c6,8.428816158257787
seg_b77bf5,10.670349999287053
seg_ff7478,6.054613492403206
seg_cf1371,3.646870576052317
seg_89885a,3.960377958740915
seg_659ff8,2.8504022942353235
seg_673c60,3.109356517482925
seg_0165c6,8.981762718119404
seg_fcca66,3.6013003369490586
seg_e1f081,8.51531988171025
seg_502fab,8.488547813403743
seg_e98217,3.8348341579435714
seg_0e4833,10.621337444735587
seg_b41d3c,3.774732892398113
seg_1c849d,4.440166520242328
seg_a80123,4.135762716753954
seg_2eddf6,9.593742579845463
seg_dc7e0d,3.639954250359176
seg_e85f55,2.9894782661745185
seg_e7d3e7,9.014855275436506
seg_62c582,2.8724948928810603
seg_e49750,3.2024352091375263
seg_4eeaef,3.1349078631861453
seg_f6abc5,7.6628693143136015
seg_f5a6ab,8.203639411838827
seg_046c28,2.7147069397798336
seg_07fc6d,8.43932231607929
seg_495573,10.485021419874624
seg_52636c,2.4979170071599235
seg_c70fde,6.118807169846753
seg_3452b2,3.126495211961501
seg_32e763,3.010521363940466
seg_3788c5,8.657656540520586
seg_e2b8b1,10.567187242854342
seg_c08d36,4.09290189672405
seg_2f8f6d,8.594412501099843
seg_d36737,2.7159960413104227
seg_708349,9.95480245908978
seg_6ac82a,3.5037377551104174
seg_c87c24,4.047818754047598
seg_8f4654,3.0465743339655966
seg_3706be,7.706984985843259
seg_3e00cd,10.45787841425985
seg_f2ae5e,3.9078169681046697
seg_c18d5a,3.2879192282745007
seg_db3a95,5.053329299232968
seg_94c48c,8.052705102170178
seg_2f9581,3.3256026018470064
seg_85e90e,7.512500958450037
seg_2d7cc4,2.8724948928810603
seg_633651,5.26090829355608
seg_7d17eb,10.644165609691235
seg_140bc5,2.9894782661745185
seg_05f9d6,8.199102820541299
seg_ea098b,9.161252993807633
seg_cc4199,8.580247319228063
seg_3bf9ac,2.7736597393386018
seg_2dcd84,7.550237085180067
seg_7949da,3.5643738092259727
seg_2efd5c,8.48340834145833
seg_86cfe9,8.805587220924519
seg_d9d0e4,4.351280052851831
seg_f3063a,6.686120183240449
seg_750c93,3.335347898869084
seg_5e0902,3.136608424925309
seg_f46cc1,2.9696294846843534
seg_2916e3,8.56536388621878
seg_fde767,5.709465673834237
seg_05e0d7,3.6849268890758418
seg_37bf85,3.768873567756237
seg_d1cb37,10.567187242854342
seg_6eb146,8.454797589197764
seg_2eccb9,3.421893069774163
seg_74b3bd,7.4783397747211025
seg_df352f,3.136608424925309
seg_0d663a,7.632912546725731
seg_b80366,6.9125570987588905
seg_dcb51d,3.5451574891762188
seg_ead30e,3.0293606201582075
seg_f0cedb,7.6493069021180355
seg_1fe311,10.565596653782489
seg_c9e533,7.854148763590951
seg_3b95d2,10.39444162899826
seg_f931de,4.526091860151624
seg_89d8a0,3.3792990130027283
seg_fbe3c2,4.099862000955607
seg_5bd9ae,4.9681901289053485
seg_6de935,10.621337444735587
seg_b3cf21,4.190951971241088
seg_88b289,10.612727047683393
seg_8d4435,3.6177383569705914
seg_f24292,4.692736348339527
seg_78fc4b,8.007884235309321
seg_cf5764,8.612371952364997
seg_cd43b4,7.725075004923157
seg_60ab20,8.569114963297256
seg_555f63,3.5497359842490224
seg_7120ac,5.969834850295262
seg_3c64fb,8.061123108836252
seg_2cdbe3,2.870794331141896
seg_c666dd,5.013406422381007
seg_72b68c,9.73397601343986
seg_c20c06,2.7736597393386018
seg_0ebfd9,6.728385028703443
seg_25c8dc,6.959550839107339
seg_114b79,4.4877417034273
seg_0bb5fd,4.797822934529563
seg_f01368,6.796496869354298
seg_d86eb6,3.813680995420307
seg_a12acb,2.813542093322292
seg_19b9dd,6.910560531320374
seg_bc2186,5.928741769042904
seg_383b6b,3.2879192282745007
seg_266d4e,4.4877417034273
seg_9ddc99,6.732771854701822
seg_3fb24b,4.55501085973593
seg_d062a6,10.67896039633925
seg_70b375,8.484918639780242
seg_2367fb,8.73843680976334
seg_77db7b,8.718850786429018
seg_a96b47,3.696866142999814
seg_563059,8.04116614414261
seg_a16a1b,3.75375251240202
seg_aa508a,2.7736597393386018
seg_766e42,4.227738848607741
seg_00e5f7,5.012144122630874
seg_94d150,3.5484753998052327
seg_2e9a47,7.146840642949938
seg_7bf143,3.6089774304642885
seg_bb92b1,4.070093301498757
seg_c23641,3.288462567177844
seg_0c4e31,2.9894782661745185
seg_1d596d,3.796033135737048
seg_8f5589,7.28040543716056
seg_414d0f,6.674081009241354
seg_419b2a,7.607008867002378
seg_79dc90,6.538477026871372
seg_96dab2,8.805587220924519
seg_d3992e,8.488547813403743
seg_46dd7c,2.7736597393386018
seg_b9d8a0,6.405907917947498
seg_bb180c,2.4330704313344023
seg_2d92f0,9.859425743470162
seg_f650cc,2.9894782661745185
seg_f455bc,10.704941827279224
seg_447972,3.624841344856125
seg_868c85,5.786175530896232
seg_7f9b3a,4.673860721057311
seg_9bab11,8.462566382463768
seg_6a4ad1,8.867792911534075
seg_db90c0,3.3523349962340188
seg_610379,2.4710501192061884
seg_6b4e04,8.594412501099843
seg_4c067a,3.5397308298302588
seg_970b35,4.009688948413105
seg_92b095,3.037773271382852
seg_428d66,3.362704869504809
seg_8328f5,2.6290194675927707
seg_8be2da,6.848500127395617
seg_d0c8e2,3.2311538754481823
seg_d21066,3.3320848013931834
seg_397dc9,8.603732185402071
seg_b402ac,6.000464632615478
seg_a975df,2.8724948928810603
seg_ab644e,4.248184022390712
seg_376908,2.7736597393386018
seg_509d55,3.458548391078711
seg_b86ce1,4.189770935556742
seg_e3005e,4.0380078032602835
seg_51b68c,8.45548148233515
seg_1c4c5b,6.947769177166941
seg_f9e4f2,8.428816158257787
seg_31b808,6.826020148334099
seg_695380,3.3309844963836643
seg_2b4959,4.2142807796627695
seg_df8385,3.6775461058513774
seg_ba941e,7.737132930074361
seg_aae025,7.6628693143136015
seg_6cfb76,4.5611971077327595
seg_161aeb,7.773181145033423
seg_166f70,8.428816158257787
seg_6167f0,3.3911758066066167
seg_94ecad,10.451817222298462
seg_abc5fd,7.950740546490179
seg_b7a8a1,6.765982378862585
seg_2c762c,6.912463248448403
seg_c7a3bc,2.7736597393386018
seg_d78093,3.3172921514446285
seg_dd8805,8.577892539685035
seg_8bde47,9.489255302890196
seg_1db8e8,8.551791852824486
seg_786ff6,7.224493328146894
seg_d7f53a,3.1415792781544862
seg_fdc1d4,3.316908898170633
seg_6d36a1,10.5667436417677
seg_961ddf,3.485316357699957
seg_8200d2,2.9894782661745185
seg_45e7ad,3.2949524420492384
seg_ca407b,4.165130103210421
seg_8fb0d0,4.796202827332877
seg_71f571,5.399834623044376
seg_0f74a3,7.236896694220466
seg_dceeca,3.136608424925309
seg_c35940,3.1459936475719283
seg_ef644a,6.3715861344448985
seg_07f37c,3.912152892299386
seg_c26fb4,3.2431282393752228
seg_95644e,4.2954675616074685
seg_060ce4,3.272031696824896
seg_88a81d,3.615999471656116
seg_18fb65,2.7736597393386018
seg_ff0f1b,2.870794331141896
seg_d14524,4.408719009261415
seg_22e509,3.1291664999014124
seg_3c8545,3.291741399711688
seg_739643,7.415962790703449
seg_46c6d3,7.738777234421827
seg_2642d0,3.698762690275253
seg_d3bb14,4.285402658155784
seg_34ef79,6.2808239773473336
seg_c5dada,4.353562583889813
seg_87f6c8,7.254501757437207
seg_552b8e,8.462566382463768
seg_6fc8b3,7.240278845247775
seg_b57e76,6.712781799938343
seg_c52ae6,2.7736597393386018
seg_6f3d90,6.054613492403206
seg_5f352e,3.673584360610556
seg_514543,2.8275078252250614
seg_2099f4,4.235493683590443
seg_2774c4,8.49206019767853
seg_9c3ef8,8.57339986174117
seg_06d4a2,3.4140378000342744
seg_6e98aa,2.9777218814437014
seg_a2986f,7.6185407041514255
seg_fea3e2,7.738777234421827
seg_727fc7,3.306962195217248
seg_7cef95,8.227799216245637
seg_93211c,6.954855133874549
seg_e8a2c4,4.861470929587691
seg_0eb333,3.7148458418778487
seg_a437cb,3.136608424925309
seg_9e7dff,3.254431718974516
seg_bf58ce,8.361576088237518
seg_7ebdc3,3.6313053447811137
seg_750244,8.554581101762144
seg_2c5e9f,5.861918321366384
seg_2977cd,4.556954840547872
seg_326eb7,3.262646474178277
seg_2abd33,4.299127865248362
seg_b7da0a,3.672371327378135
seg_f6f683,4.8215360755380345
seg_e0c329,3.2286328110838376
seg_b686e5,2.7736597393386018
seg_eacccf,3.417943555733696
seg_37669c,4.131285175687133
seg_6ae32d,3.0866128579778125
seg_6ed49a,9.448960740629222
seg_500108,3.9321822216838966
seg_fa34c7,7.9636014340595365
seg_e29670,3.6246172041766864
seg_2f5695,2.9894782661745185
seg_232559,7.512500958450037
seg_996c37,10.456647319607818
seg_97ad82,7.895432149117582
seg_d693b0,9.236861777984524
seg_9e3837,3.4406902260646763
seg_82316b,3.0652666255890413
seg_e40d64,8.522901219051166
seg_2aa101,3.973141095441692
seg_2ece02,3.4677557116642186
seg_709d08,6.282806962259482
seg_90ef18,8.428816158257787
seg_6ab188,7.115483565130898
seg_1da819,3.2150196579515256
seg_e6b236,8.232431599200734
seg_9940e8,8.525810421884511
seg_24f338,3.1992030520232966
seg_51f6fd,4.093168620351022
seg_4a6096,3.0866128579778125
seg_ff4236,4.312479774814799
seg_f6e1ca,4.577680735852537
seg_3661de,10.48661200894648
seg_4d5a4a,3.385391161245155
seg_bb6904,3.0883134197169766
seg_3d6e79,6.852686287089447
seg_8fc754,8.052705102170178
seg_f21a22,3.738630406141652
seg_9e8323,2.8460308790843265
seg_6edcb8,4.436647135965024
seg_7d65c7,9.269470464940994
seg_d85e2e,3.101473624608712
seg_170684,8.695251468856032
seg_1c401b,6.9125570987588905
seg_aa9b8e,7.589297717706115
seg_24c1c9,3.8070694978204163
seg_cb0e21,10.696331430227026
seg_25b38a,7.354930103222829
seg_2b2cb3,6.766672482459525
seg_f95fd3,8.73843680976334
seg_3db0a8,3.197727051826602
seg_e9e65b,7.212203722321547
seg_666056,3.365148260497132
seg_60277f,4.7656567420159
seg_1ece48,2.7736597393386018
seg_b2b331,3.201385315845517
seg_476700,3.898356643539002
seg_59de0b,3.814100422263442
seg_40f810,3.8775509073106873
seg_ab15ad,6.568714809567928
seg_4743fa,8.428816158257787
seg_5b392b,2.9166599395000365
seg_214492,2.7147069397798336
seg_ad591c,7.936358104357886
seg_ad759c,2.870794331141896
seg_cd2b53,2.7736597393386018
seg_9d6ff0,3.539525379607136
seg_0d04b9,3.945170343512413
seg_e4c15a,4.5441451530693024
seg_d7ab50,2.775452724933269
seg_75cd6a,3.132137025969984
seg_395e0e,7.817207387880441
seg_9a7c46,4.0033602391320215
seg_8b798b,8.462566382463768
seg_5c1a4d,2.9448660326267846
seg_e8385f,8.428816158257787
seg_7c2c48,3.489522600246464
seg_162fc4,7.630188938461872
seg_ac68bb,2.8389284586508685
seg_5765b6,7.523225011822125
seg_703cea,9.206562702727895
seg_0b48c4,3.6485711377914822
seg_76e914,3.1369629962281524
seg_d098df,8.629806059829455
seg_864fcf,3.1459936475719283
seg_abb03a,4.333676584507683
seg_77f9e3,3.0866128579778125
seg_63582a,8.462566382463768
seg_1144bc,8.428816158257787
seg_a6cd86,4.582778505138965
seg_9c3d6a,9.889390432808824
seg_d9b162,6.483779560265847
seg_461b63,3.2673890496025257
seg_3d581c,2.7736597393386018
seg_a6959c,8.756333561102434
seg_596ae3,6.630988357706013
seg_a35e7c,8.462566382463768
seg_f61b0e,5.510032520078441
seg_f86c41,3.157346936921643
seg_a53e4c,4.038285686522482
seg_4fd191,2.9106766851255856
seg_9802c3,3.4984356515112185
seg_d19980,9.206562702727895
seg_3cfb73,8.6413957679235
seg_c183e4,4.375781984580828
seg_a6e801,2.9664314720465828
seg_d0f803,3.244828801114387
seg_264c7d,7.871044745280244
seg_7b2994,3.7020682106383367
seg_4acc4b,4.085398845546576
seg_530a02,10.565596653782489
seg_b253ee,3.2505003558377807
seg_4fce5b,3.1459936475719283
seg_545fda,8.288496454949506
seg_adf986,6.3715861344448985
seg_8785e2,6.579322831293199
seg_5597ed,3.5251115348961912
seg_4ad674,2.8944683145970087
seg_82d7b6,3.3854985383609857
seg_d37b05,7.139345287270382
seg_c58ca5,5.03302035386027
seg_f5e682,3.4016166942992787
seg_fb4c26,4.413413332792191
seg_d35e50,6.790926196955893
seg_6ac67a,3.2150196579515256
seg_c7b424,9.014934390039727
seg_bfe0b6,8.428816158257787
seg_d6b546,7.354930103222829
seg_280e3b,4.603696637051205
seg_23efb0,4.4877417034273
seg_98c44d,3.0490277818970246
seg_cedf3e,8.199102820541299
seg_ca8389,3.3937875955916974
seg_758ca4,3.244828801114387
seg_4ba3d1,9.146318550853778
seg_bd5022,3.2237848155503843
seg_17799c,7.945168028331414
seg_aabc52,8.580247319228063
seg_456149,8.890397884163043
seg_da8b88,4.750570578119307
seg_a9f80e,8.199102820541299
seg_4e3bd7,3.1459936475719283
seg_56e3e7,8.428816158257787
seg_f8db0a,3.7117620980472164
seg_98a819,6.868375156756833
seg_74235f,4.940073572837004
seg_ba83da,5.05370843560274
seg_735cdd,4.845455382264318
seg_a03e6a,2.8724948928810603
seg_a25c46,3.4787343920537723
seg_8e5704,7.632912546725731
seg_3edf51,2.7736597393386018
seg_2883ec,8.50161765221158
seg_41be18,7.550237085180067
seg_74ffde,5.026772229611356
seg_be811d,3.803385957449728
seg_d88da7,8.333633306444483
seg_2bf9dd,8.324628573292461
seg_f67ce2,3.842060740352484
seg_e00465,7.607008867002378
seg_580b65,8.12551928555145
seg_50a667,3.3145328474361926
seg_ee2781,7.725075004923157
seg_0a42ba,9.024725960013507
seg_00f3b9,3.3689132242798863
seg_dcf242,6.000464632615478
seg_af6204,4.635680897304424
seg_070bb0,3.037773271382852
seg_c22bd4,10.618876155902996
seg_5147e1,4.006923804103319
seg_5c9077,7.212203722321547
seg_dcd9df,3.2778070534142527
seg_8d6a7d,3.1686556572015285
seg_1fc7ab,6.79327310658082
seg_e76e6e,3.406074388420377
seg_b52710,3.042520825049944
seg_29a073,4.404564083921784
seg_da21ee,8.454797589197764
seg_e5e238,2.9894782661745185
seg_324447,8.484918639780242
seg_fbd66b,3.482275749001021
seg_06b8c9,4.175421333180688
seg_168d1c,7.519031968457706
seg_5a1adb,3.8660909557706815
seg_f80e44,3.4370082672567777
seg_e405fe,3.810793608132741
seg_fde86d,8.094294780756575
seg_3bd97e,8.428816158257787
seg_b69455,9.233352620938488
seg_6de4fd,7.725075004923157
seg_86892f,2.9894782661745185
seg_e3cf1a,4.288839300103255
seg_ad82ca,5.756207470337569
seg_ade769,6.118807169846753
seg_1eeb8f,3.3255729149394107
seg_004ee5,2.5348868885901914
seg_29d497,4.848520498128997
seg_dc6e94,4.858720177263915
seg_3b30fd,9.59433923190388
seg_83bef8,5.4011120404723085
seg_447cb3,8.428816158257787
seg_49fdf0,8.594412501099843
seg_e20d76,4.153610127050166
seg_266c6e,5.082723006688887
seg_7848f8,2.7736597393386018
seg_32906d,3.2431282393752228
seg_5a0479,6.70418266538236
seg_fd8add,7.0550334481678805
seg_4eb127,2.9894782661745185
seg_d42c77,7.346561070361752
seg_4d2671,4.224786558140456
seg_fa0ac7,6.246582050057881
seg_f383fb,3.797813069140032
seg_63c983,2.7736597393386018
seg_d661ce,3.1858760015556182
seg_5470ca,2.7382028298066445
seg_90ec68,9.850315182134514
seg_45e062,8.428816158257787
seg_c703be,6.502975279849327
seg_3bfcf6,5.1485488527304115
seg_77e7bf,3.966479245490559
seg_14d1d3,4.240247768119146
seg_74dda9,7.512650815994924
seg_8c341c,8.82382604172071
seg_f99b64,6.9418844119838
seg_5f0a92,3.002262128346888
seg_dbf3f2,2.8460308790843265
seg_eee89d,3.0018939875594675
seg_e64dfa,5.570919362585144
seg_2005a7,4.730128176743341
seg_4abc29,3.3523349962340188
seg_23c947,4.067653405011302
seg_64dcf0,6.544798237353289
seg_f1a771,3.25349984269156
seg_53a5fd,6.047206429118807
seg_86720f,7.7092085109499635
seg_4adeda,10.456448941238284
seg_0e3739,3.0537062154513563
seg_c3836b,3.3097231795446183
seg_5bfbf0,3.4298196499261238
seg_e217fc,4.635680897304424
seg_64f8dc,5.053329299232968
seg_71348a,2.8460308790843265
seg_a9b957,2.996197970194848
seg_6b536d,4.216415207585621
seg_8f1127,2.7736597393386018
seg_c73df6,3.1672116788819618
seg_2c69e4,9.157134593227704
seg_dbc615,3.244828801114387
seg_c2b8f7,4.127581140945605
seg_46012e,8.766704902083214
seg_d7f015,5.565149678156579
seg_5965d8,4.425794631826922
seg_0be6ee,3.3523349962340188
seg_a50d28,10.59247669664258
seg_a436bc,7.607008867002378
seg_138807,5.189319750514076
seg_bf1294,2.9664314720465828
seg_29475f,3.662254380596329
seg_70991d,3.0992986280006383
seg_7a9228,3.353905241608007
seg_4a9e6b,7.523093377327497
seg_b108c9,3.3097231795446183
seg_222c5f,4.257457390560171
seg_d1fbb8,10.49443787057382
seg_a00985,4.867701684189735
seg_25ab3f,3.458774992272569
seg_6e1ee7,8.361576088237518
seg_758374,2.9894782661745185
seg_ba1d68,3.4341830524115418
seg_cea185,5.037376420752309
seg_932828,9.682326159047204
seg_36e32d,8.428816158257787
seg_23fe27,8.57359962601932
seg_b9361a,3.1656016742975597
seg_f5d2dd,9.703217206042737
seg_54b0ee,8.344978132631471
seg_8bec6f,4.987394309054772
seg_6681ee,2.8754626400401717
seg_0cb81b,3.132932150510453
seg_cc667b,3.161830396330135
seg_a7b454,3.874112529568488
seg_845a2a,10.332428684229553
seg_f48db9,3.8827038403256102
seg_d795ab,8.223233337395179
seg_b4402d,10.45787841425985
seg_211486,10.590047933465826
seg_b0cf32,8.428816158257787
seg_83ef67,9.669774461550183
seg_e25aca,4.295199309239232
seg_42c4c9,4.649637020141914
seg_4f5931,10.305529166124836
seg_361f5a,8.631675109580609
seg_1a671a,2.9014845627771924
seg_c47bdc,7.571703810562433
seg_148698,8.590535180447969
seg_c0d7da,2.9664314720465828
seg_24c078,7.983454161032128
seg_037461,3.8195164258845216
seg_76106f,10.456647319607818
seg_607559,8.580500133364644
seg_8c0114,3.5387183052785662
seg_211299,5.673312140479393
seg_a63573,3.676895579013188
seg_398a25,4.545229542874148
seg_6b3a9d,3.4670550671981784
seg_c9201c,3.299171304079328
seg_c509ff,3.385933078686517
seg_7211f1,8.061123108836252
seg_b00f05,8.116389990368656
seg_b947ae,4.227425007937653
seg_5311d1,2.7736597393386018
seg_b02e31,8.6413957679235
seg_b0a794,3.5484753998052327
seg_61219c,3.072725263649831
seg_d5df41,8.199102820541299
seg_5eb380,3.7857019092119772
seg_8cdf83,3.1879469041017945
seg_77df38,7.945168028331414
seg_2f4f14,3.765699094588274
seg_2642d4,6.300349937419227
seg_39a886,4.5708160046761295
seg_66ed4d,2.7736597393386018
seg_373ba6,3.5415859297230483
seg_890181,7.838619688040983
seg_27b7c8,8.73843680976334
seg_de3237,7.825088801297767
seg_430e66,7.864284936401327
seg_1baf33,3.9992893543575967
seg_a704ee,6.210959967637647
seg_74ce61,7.708021558808983
seg_5c530f,3.445314033886186
seg_c24946,3.2311538754481823
seg_8599ec,3.40271053819289
seg_c01f63,8.316726038834869
seg_dd780d,3.485316357699957
seg_c901c0,3.101473624608712
seg_c4af54,3.5552814909202315
seg_a247ac,9.674139684939627
seg_b691c5,3.03439825193944
seg_588f61,3.3161584014442624
seg_85c1c0,3.854106007200238
seg_0c8502,9.328352711945495
seg_23bdf9,6.5982969587267695
seg_cc7e39,8.361576088237518
seg_8f25b0,8.462566382463768
seg_4cb9c6,3.916729115887339
seg_4729a7,4.196866708039677
seg_4280d9,10.39444162899826
seg_77fe77,6.745928003863188
seg_4ddddc,6.783295865907031
seg_e10d3b,9.481294238444644
seg_efb639,8.261308511150856
seg_e05de2,3.4672392174226783
seg_635770,9.489255302890196
seg_455b16,3.6325168969309622
seg_e14149,5.928741769042904
seg_6a116b,4.895385539842153
seg_fb8af5,3.3226199690928437
seg_c6c29f,3.6008723469137114
seg_35b009,3.2150196579515256
seg_16a270,6.97079427629767
seg_b7b098,3.2295604177052475
seg_19ec5c,8.631675109580609
seg_a5fbcc,2.59187892625504
seg_55239a,3.5799256018937635
seg_7d88e3,9.389111687400034
seg_abaad2,8.985471832712568
seg_66b7c3,7.516594911744058
seg_73ab4a,2.7736597393386018
seg_f5406b,3.0652666255890413
seg_9ad925,9.56528718459492
seg_280863,3.829999172001219
seg_fad815,3.3261010205190265
seg_b89218,10.638708478623363
seg_0b32f7,2.9777218814437014
seg_7c10c1,3.336553692789343
seg_2fb672,7.6628693143136015
seg_7d994f,2.7736597393386018
seg_7ce9cb,3.8097766060091103
seg_1201e8,3.2286328110838376
seg_2a0dc0,8.677456764690088
seg_3f3689,2.8724948928810603
seg_ddddf0,3.379748333770092
seg_327ed4,3.25349984269156
seg_53caf1,8.261308511150856
seg_c65135,2.9894782661745185
seg_651808,3.1793435600300173
seg_36b77f,9.518380618478083
seg_6f60b2,3.9068708618107015
seg_53498a,3.444451337919754
seg_96cd5d,2.925398217876164
seg_137f8a,7.9163544542005075
seg_055127,4.259227472922362
seg_5e8ef4,8.199102820541299
seg_c6b514,4.5721846558379005
seg_529be4,4.88673243506007
seg_a2e2c8,3.800889748758324
seg_4a719c,3.8728664359091813
seg_70be4d,9.038516643934402
seg_be0dfa,8.527874958611411
seg_8c6d4e,3.3655871566529614
seg_b36c8a,3.50084677227878
seg_496d07,3.4066477089983005
seg_a05c22,3.0866128579778125
seg_18f633,4.006763353478493
seg_0b9ad8,8.261308511150856
seg_76f1af,4.194822257289149
seg_0d6d68,3.574126822776944
seg_fe86f5,6.378770018481579
seg_5ed47e,8.454797589197764
seg_c09a41,3.7401270860116367
seg_3cbccf,3.8239097511973053
seg_9a812d,3.6195969656038214
seg_63c518,2.870794331141896
seg_7fac26,8.488547813403743
seg_35dd45,8.462566382463768
seg_f6b70c,8.361652666587023
seg_84fc12,9.389111687400034
seg_a1acb2,4.0137183421007485
seg_e3e762,8.361576088237518
seg_30501b,8.454797589197764
seg_05f126,9.374076150770373
seg_c20a27,4.2967091105032695
seg_dcbe02,4.275639931360262
seg_cf74e8,3.7840425336248886
seg_c714d0,8.462566382463768
seg_63c8e4,8.462566382463768
seg_1bd38e,8.498396863008205
seg_45b051,2.7736597393386018
seg_6074f9,3.570942124645333
seg_e24496,8.523076837530741
seg_6c909f,3.0128399966223163
seg_9b7f93,3.3700483036579074
seg_a0646a,3.4761721875473266
seg_eb7595,3.5119893250865646
seg_ce46ba,2.9965408634724
seg_c60f1d,2.9894782661745185
seg_a56c04,4.004825199243943
seg_919a6a,3.0866128579778125
seg_0a1bd0,6.210959967637647
seg_2cac57,8.488547813403743
seg_d9dab4,8.462566382463768
seg_ef74dc,6.868375156756833
seg_cc4932,7.675210581841387
seg_804fb5,6.868375156756833
seg_961d02,3.2431282393752228
seg_d146a6,3.7966938980553726
seg_d328bb,3.071527885585647
seg_8f4781,3.9081661495959032
seg_9ee0aa,8.73843680976334
seg_3d9aa0,4.671251008188902
seg_9757ac,10.403760738034444
seg_dcfb4b,8.568431070159868
seg_e1f045,6.439653550648768
seg_b80b89,4.33088284233427
seg_2700bd,3.537780865889692
seg_87a616,4.07606611284386
seg_1827c5,8.462566382463768
seg_beda44,4.402344763533861
seg_90e904,3.029880171022123
seg_13e25f,6.432868584963147
seg_d753f8,2.8460308790843265
seg_6c34c2,3.103114419971296
seg_4d8f0f,3.0883134197169766
seg_2be983,10.39444162899826
seg_f93ce5,3.4186660370950217
seg_7480f4,8.920222303686613
seg_075f77,3.651995962995063
seg_a39f3b,8.73843680976334
seg_6be48e,3.9858868679571366
seg_b284b2,2.8724948928810603
seg_64be91,9.883486854054835
seg_7f93b2,3.3222537849267875
seg_750e7e,7.940709428140787
seg_457234,10.647318875675564
seg_4848e3,4.13930643861933
seg_9d1b26,4.658054037116561
seg_f229bf,5.709465673834237
seg_f639cd,9.674139684939627
seg_0fca83,3.037773271382852
seg_d68930,8.491021848867344
seg_a61e1c,4.650356544936939
seg_8456d3,3.130136698544569
seg_518b1e,2.8460308790843265
seg_4c3a2b,8.361576088237518
seg_325790,3.132137025969984
seg_316f86,3.1986082164120067
seg_c3f8d7,3.4757730668905453
seg_d9190c,3.692933723552761
seg_08f441,3.429151692190845
seg_8cd159,3.840564436060177
seg_12ac20,10.618458127582556
seg_b95a77,10.565596653782489
seg_e90c0d,3.5919626929879134
seg_a6bf91,6.9429067908241215
seg_c3507f,5.293515554758618
seg_8aeb99,9.674139684939627
seg_a99be9,8.568431070159868
seg_740837,4.260328861518135
seg_a5dea6,8.608704610375874
seg_702e03,3.685921761453141
seg_c12d7d,8.492744090815918
seg_a5271e,3.0652666255890413
seg_f7050a,3.5519186325370047
seg_115617,3.520829237647665
seg_9825e0,6.550429713263515
seg_038879,7.53840463817339
seg_7ed2dd,3.488413700118582
seg_902074,8.199102820541299
seg_edda79,5.657496430703818
seg_151368,8.199102820541299
seg_c5f986,3.895529051597831
seg_b9619c,4.0686283413868365
seg_10c09d,9.593742579845463
seg_629822,3.897432576608818
seg_561cf4,2.7736597393386018
seg_0d0250,3.417943555733696
seg_753ba6,2.9894782661745185
seg_6d6fad,2.8864483313612186
seg_c179f8,3.837654549428664
seg_05b66a,8.428816158257787
seg_c5c455,2.8026494092347343
seg_96fa35,3.3172921514446285
seg_4e627b,3.0883134197169766
seg_739fb0,2.7736597393386018
seg_37608b,4.0033602391320215
seg_0a45a1,2.7736597393386018
seg_a7561c,2.9431654708876205
seg_944c98,3.010521363940466
seg_bb6fcb,6.300349937419227
seg_9c8bc8,3.8100112529997823
seg_146926,10.590047933465826
seg_e3b1f1,8.128204711780443
seg_eb2e11,4.779727015331037
seg_c106ca,3.7779557179089154
seg_a86231,4.019846574890456
seg_18d1d0,3.1459936475719283
seg_efd9ec,8.488547813403743
seg_591954,8.454797589197764
seg_09f0ff,3.2879192282745007
seg_7c6c31,9.093294967746107
seg_dc73b8,3.350178193159977
seg_d2a533,6.200760446730149
seg_5abfdd,2.3961005499041343
seg_b52dac,3.60890303521496
seg_78ded2,3.1459936475719283
seg_8a6b0e,3.7333512332666463
seg_a39fa8,10.456448941238284
seg_2a6343,7.509662730012566
seg_d014a3,8.454797589197764
seg_8db6f0,7.2638957623653955
seg_23323e,2.9894782661745185
seg_f02d32,5.709465673834237
seg_f22163,10.5667436417677
seg_43597f,3.294682866070091
seg_b1b95e,3.473807532842039
seg_e1daa0,6.040800347713993
seg_4e2c66,2.7736597393386018
seg_705463,3.5520327603187503
seg_a88dde,7.730456515548536
seg_e877a5,4.534483499930632
seg_1e617a,3.434404036345177
seg_2e64af,3.1876681241233507
seg_a45455,5.250040158019678
seg_a88097,8.428816158257787
seg_df45b0,7.402752112943994
seg_d5d3a1,3.700219359083909
seg_4f76a2,3.160426819723757
seg_741fc1,8.09255448025087
seg_9f22a0,9.219526429843324
seg_12b9ba,8.061123108836252
seg_9a43ef,9.270625865250322
seg_f2cb5e,2.7736597393386018
seg_53fa13,3.0866128579778125
seg_a0a423,3.3152026464918154
seg_4a91a9,2.9894782661745185
seg_f6d51b,3.037773271382852
seg_64daae,3.6675001910777385
seg_cdadb5,9.226344994547313
seg_d6b386,7.607008867002378
seg_093a0a,7.588220333015633
seg_9ad261,5.411096821886495
seg_4d18f4,2.7736597393386018
seg_0c9aa8,10.512593439886457
seg_434c96,2.9894782661745185
seg_4c8db6,9.161252993807633
seg_9e61da,3.8987106395521134
seg_49336f,3.9789237551695247
seg_c23429,4.0677778056651315
seg_4b0839,3.037773271382852
seg_80211c,9.518431311795652
seg_49b0cb,8.462566382463768
seg_57908c,4.0575125505442085
seg_c5256d,5.163536347887739
seg_c5dee4,2.7736597393386018
seg_a674d2,8.551652428714629
seg_830cff,3.389882453020717
seg_97a161,4.774794279034704
seg_38ee24,4.545229542874148
seg_7f3ab0,4.0575125505442085
seg_cbcce9,5.7742456984567845
seg_86e874,2.8997840010380287
seg_9d1dbe,9.389111687400034
seg_bf7224,3.696866142999814
seg_8f6284,3.631788730145865
seg_3f5be6,3.770300755154184
seg_fe5945,3.9574257468723237
seg_75dc3e,4.7311943587173415
seg_586c0f,3.5037377551104174
seg_660fef,6.544798237353289
seg_790108,6.966736951729717
seg_d2551a,8.491021848867344
seg_514b85,10.395672723650296
seg_730ebe,2.8026494092347343
seg_266805,3.872786702103964
seg_f6e89f,8.440564903407795
seg_570d69,8.462566382463768
seg_a31fe3,8.51531988171025
seg_75211e,4.911922937773712
seg_9c8162,6.426873356698604
seg_d47aba,3.7117620980472164
seg_54af0d,2.7736597393386018
seg_9f57c4,8.04116614414261
seg_70edf5,6.532489897366327
seg_3b95dc,3.0113007379356285
seg_ea8270,10.512593439886457
seg_1f9aed,4.836974696911259
seg_247262,3.812282805055873
seg_9f7542,8.454797589197764
seg_77bf79,3.010521363940466
seg_5cfba9,7.729360783722633
seg_b5804a,3.5468908151111607
seg_03d63e,2.967369524866218
seg_724df9,2.7736597393386018
seg_0c3943,3.1915807298334613
seg_6d4fa6,2.4330704313344023
seg_78db0a,9.45131737800959
seg_55a9a4,7.139345287270382
seg_bc437b,7.671995677508936
seg_9a1c76,2.956018689727927
seg_061a33,7.856513288748528
seg_ab9654,8.428816158257787
seg_fbff25,3.554896892794173
seg_00648a,2.9448660326267846
seg_a802fa,9.448960740629222
seg_259dd3,10.638708478623363
seg_cdf88e,4.054382834381398
seg_a87e79,2.7736597393386018
seg_c42952,3.1801491611264168
seg_0a97c4,4.8129644553602615
seg_8f592b,10.581437536413627
seg_6df48e,9.093294967746107
seg_9d3013,7.550237085180067
seg_20b8d0,6.113566291961974
seg_bdae02,8.428816158257787
seg_f97274,3.4792165593686577
seg_77c546,3.248716657899437
seg_89e207,4.635680897304424
seg_fe70c0,8.1148909961976
seg_590fa5,6.868375156756833
seg_115a92,3.335347898869084
seg_07cd72,4.848520498128997
seg_b13220,3.3741554460505836
seg_8ebdea,9.426908796025367
seg_95f45e,8.361576088237518
seg_946d71,8.491021848867344
seg_9f4fd4,9.446593910436118
seg_75eb90,8.299811171058716
seg_b6254c,3.4614753936966736
seg_5759c9,6.954855133874549
seg_75e93c,3.7148458418778487
seg_ca6d70,3.55351921243357
seg_462c1d,7.4561873363402915
seg_4ea3fa,6.0902297689243925
seg_658bf4,3.037773271382852
seg_0b07c7,6.054613492403206
seg_1ae362,8.199102820541299
seg_e59dca,8.73843680976334
seg_91fc29,3.3172921514446285
seg_09dd59,7.838665549423312
seg_01ecb0,3.5773540115044136
seg_1a791c,3.5506635221079383
seg_7c9433,4.074038336364516
seg_fbce13,3.7650714021174174
seg_2a4551,8.73843680976334
seg_6153ca,8.462566382463768
seg_35a2d7,8.462566382463768
seg_05a4ad,7.501933937681893
seg_fcd32e,6.619616705605508
seg_c44bbc,3.136608424925309
seg_a1edc1,3.2059450183136344
seg_96db5e,5.050360393124419
seg_827804,3.6195779350100006
seg_3c3ddf,3.136608424925309
seg_20a990,2.9814321117542577
seg_8da61a,7.254501757437207
seg_a2c108,9.797220052860604
seg_b25dde,2.7736597393386018
seg_df99d4,2.9830478248713104
seg_d508db,4.559780544229392
seg_7c0376,2.8026494092347343
seg_5ef47e,5.421078276939964
seg_1a0eca,6.3715861344448985
seg_1f7cf8,3.5556199741847943
seg_9d7490,4.011051459892681
seg_d516e3,7.458350756568793
seg_3865bc,4.287541639323545
seg_e96140,4.077758908711984
seg_d320f5,4.068245391158478
seg_c07b7c,4.0677778056651315
seg_ea096b,10.590047933465826
seg_ba2c48,4.400689974806794
seg_003339,8.721155148579385
seg_7e3b3e,3.132318721905724
seg_df0df7,8.50161765221158
seg_017314,6.954855133874549
seg_2b6d52,7.6628693143136015
seg_179d90,7.607008867002378
seg_f48363,2.9986191545804863
seg_1f3ede,3.4614753936966736
seg_e53a52,4.0677778056651315
seg_0d540e,3.244828801114387
seg_4401d8,8.73843680976334
seg_d9bb68,6.044282257245837
seg_98c0b6,4.06773492413466
seg_30fd84,10.59247669664258
seg_743775,7.4783397747211025
seg_e1468f,10.395672723650296
seg_26cba3,4.814528437203875
seg_2e88dd,5.1565295385943015
seg_a1b3cc,3.2977112384360003
seg_6f17de,2.8026494092347343
seg_ba3e74,2.9742977935826294
seg_edecaa,4.331780672729258
seg_46a42b,4.109717033353295
seg_ebe36c,3.2685683077816226
seg_318135,3.832219903297192
seg_a84c13,3.5102069062724257
seg_915b3e,4.165743989104447
seg_ee4ae5,2.8460308790843265
seg_9a6025,6.926691170220674
seg_f579ba,4.079479799728897
seg_941759,7.24589136038501
seg_bd4d30,4.498252005461923
seg_226e60,9.593742579845463
seg_8d6578,4.264933980072485
seg_b54024,2.9894782661745185
seg_016913,2.9894782661745185
seg_b5aee9,4.855465909900981
seg_cbfb19,7.512650815994924
seg_0339ca,2.7382028298066445
seg_259d65,3.4351121578384336
seg_67aa76,3.897517938485838
seg_da7c3b,8.602825231759006
seg_24ba8d,4.566422353593999
seg_492dc6,3.6536100860048486
seg_4ae37c,8.73843680976334
seg_373a04,8.411170815608052
seg_d4dec8,8.227543241757783
seg_8515fd,3.6699278930064416
seg_6a45a0,3.5102069062724257
seg_5407b0,3.646870576052317
seg_ae42b3,8.428816158257787
seg_939f5c,6.054613492403206
seg_9d452d,3.2879192282745007
seg_a55a17,3.5037377551104174
seg_a133bc,2.956018689727927
seg_0d833c,7.900825378650539
seg_d24095,8.666661150574956
seg_f34877,8.73843680976334
seg_83f476,4.477161964471241
seg_1010ad,7.7980410265428945
seg_33c30d,3.433202376071009
seg_6dac5d,8.49206019767853
seg_30207d,9.674139684939627
seg_ca88e3,10.647318875675564
seg_9d79d4,2.8724948928810603
seg_aa98cc,2.7736597393386018
seg_c8459f,9.626076077660887
seg_e66697,6.183430301671661
seg_2a2f1e,6.947769177166941
seg_03f380,3.132318721905724
seg_6e5a38,2.7736597393386018
seg_a2fd8b,3.4229029601167853
seg_e7ac12,3.075522118515108
seg_572172,6.047206429118807
seg_d6b198,3.107820420355228
seg_97d9ed,7.671995677508936
seg_89f975,2.8724948928810603
seg_f59974,9.446407764430052
seg_153d6a,8.462566382463768
seg_bce23c,6.118807169846753
seg_81bebd,8.293014243230898
seg_32d747,3.968194233584791
seg_683ddf,2.770317797019441
seg_cd352f,10.565596653782489
seg_31ddc5,7.607008867002378
seg_ee4479,4.38196055387795
seg_68102c,8.49206019767853
seg_4fa87d,7.611903353058333
seg_7f786b,4.315166340414382
seg_1b08a4,4.3257569598442345
seg_cf25d2,3.8685435479534265
seg_c146a8,5.796927718767017
seg_14ad27,3.4759411950749883
seg_e8bcde,2.4074561377797803
seg_907c52,4.5519071757445975
seg_195eda,6.749416222387045
seg_91f664,4.047943717333337
seg_b2b29d,7.607008867002378
seg_72aba8,3.1801491611264168
seg_31d7bf,3.646870576052317
seg_9a9041,7.130218924075048
seg_2a8351,2.7736597393386018
seg_ebb79f,5.857776271624175
seg_e40348,3.4897654531937614
seg_1e677e,4.753192031725591
seg_c81e10,7.674531588142749
seg_b0f9cd,8.73843680976334
seg_1bf7b3,3.7387894039016336
seg_a4208a,4.312479774814799
seg_4c65e6,7.671995677508936
seg_614b50,2.9894782661745185
seg_8d135f,8.199102820541299
seg_dd4594,4.042930170688418
seg_92af10,8.619219587151314
seg_1a8e06,2.8724948928810603
seg_f4d644,3.2431282393752228
seg_0cdcc8,3.0866128579778125
seg_60b696,4.8949340720205194
seg_82456a,2.8026494092347343
seg_947700,4.13930643861933
seg_8dd3ba,3.919978332596119
seg_f96d0e,3.615549233468019
seg_ef9105,8.428816158257787
seg_8324a4,7.968493277826479
seg_a0979e,7.474199968242228
seg_cd2b34,4.673860721057311
seg_f322b1,6.047206429118807
seg_eb1d6e,3.244828801114387
seg_27ff17,3.5603402820255288
seg_ca9e39,4.779625614686627
seg_b3883e,5.085725029170126
seg_74d8cc,4.648320564518797
seg_41be7d,7.022871227342953
seg_2e50fb,2.7736597393386018
seg_311b5e,2.934713044171401
seg_f7290f,3.813680995420307
seg_bf1430,6.282806962259482
seg_d8014d,4.110519795306043
seg_c6f0a2,3.4677942901378165
seg_0cca14,2.9448660326267846
seg_818382,3.569837270500261
seg_813aab,3.3039663150104968
seg_64be5d,8.428816158257787
seg_184222,3.9853244460173456
seg_4185b3,5.472022727571238
seg_df8e0a,8.138822516804613
seg_1562cb,8.428816158257787
seg_8e6a3f,7.730456515548536
seg_6d4109,8.361576088237518
seg_2db7dc,3.541106868909069
seg_287e60,3.5901802741737767
seg_f741af,3.170681594906217
seg_836aac,3.109356517482925
seg_78d817,3.0995505389517057
seg_0fc67a,8.49206019767853
seg_bc07c8,3.037773271382852
seg_5165a4,8.326565341154758
seg_24458d,4.673860721057311
seg_d36681,7.738777234421827
seg_b8745c,8.525810421884511
seg_ce5832,2.7736597393386018
seg_c243a6,2.7736597393386018
seg_902bc1,8.199102820541299
seg_477c83,3.3172921514446285
seg_39300d,2.9894782661745185
seg_b21273,3.866794721544679
seg_979a8f,4.108733117879737
seg_a18246,6.148139987096201
seg_8d5113,5.921537454282457
seg_75ffc9,6.123136743123967
seg_4c12b2,2.9894782661745185
seg_32c904,10.512593439886457
seg_63c9a3,4.826146843622258
seg_f2b0c5,3.205104860458567
seg_be4612,7.6628693143136015
seg_686edc,7.983454161032128
seg_ed7741,10.296402802929501
seg_60df2a,5.730303790614216
seg_30661b,3.444451337919754
seg_74f330,3.5497359842490224
seg_92092a,5.050360393124419
seg_af703b,8.428816158257787
seg_117278,3.147548038458212
seg_a5f4dd,4.893738504805073
seg_bbf805,3.173844764354437
seg_bbb01e,7.309416717588823
seg_e34052,2.9014845627771924
seg_c0e1b9,3.2578650248362897
seg_217eed,2.7736597393386018
seg_40b3aa,2.7736597393386018
seg_0df75c,8.568431070159868
seg_8dcf3c,8.454797589197764
seg_e37b8e,4.848520498128997
seg_e5b510,3.2658493694569684
seg_ff2f2d,5.2119027424250985
seg_91cff2,3.1459936475719283
seg_655ad6,8.124125478440826
seg_696621,3.197727051826602
seg_15adff,3.446452126877164
seg_35269b,10.67896039633925
seg_655cae,3.1449197263298654
seg_7efdd5,7.312738934975988
seg_0775a7,3.1459936475719283
seg_b78883,10.59247669664258
seg_8c1760,8.199102820541299
seg_db606c,7.0528184744755045
seg_950048,4.755381755407848
seg_725e84,2.9448660326267846
seg_b8141c,2.9894782661745185
seg_a1a511,3.1459936475719283
seg_204dc6,3.222636342723456
seg_7fd3a3,3.3261010205190265
seg_715ff6,9.319973815058985
seg_986976,6.638275630851967
seg_c472cf,8.512561819886871
seg_00184e,6.361682033154023
seg_225320,10.456448941238284
seg_76f76d,4.121808467269928
seg_383f2e,7.212203722321547
seg_f165f6,3.1459936475719283
seg_306756,7.671995677508936
seg_c654e7,4.825490251862103
seg_be62ef,6.8743356191187726
seg_5e635a,2.8997840010380287
seg_b03de5,8.631675109580609
seg_ecaef0,8.038167190864568
seg_b9ec4b,4.135669991455074
seg_65ef95,3.316908898170633
seg_25cca7,7.725075004923157
seg_2465ce,6.140679718283716
seg_55a0c3,4.5913891269659945
seg_83cb2c,3.8833593253510768
seg_de3d5e,4.140867558653886
seg_5e541f,4.06773492413466
seg_47a48f,8.962555883806045
seg_08b136,8.261308511150856
seg_ebd77b,8.568431070159868
seg_a99161,3.0420006244300786
seg_025e78,4.099862000955607
seg_7bb771,3.6819586718169828
seg_3878d0,3.7544087733272953
seg_00be11,3.9482851146958966
seg_d41daa,9.161252993807633
seg_f2f5a3,3.037773271382852
seg_43c6f4,7.583714347093652
seg_90a0be,3.0866128579778125
seg_39ad50,2.7736597393386018
seg_342ce6,8.753488646394809
seg_c90be5,8.454797589197764
seg_2dccec,4.3755647592066165
seg_8dfd7a,2.7736597393386018
seg_77ea14,3.5901802741737767
seg_f21bf4,7.027965904992895
seg_1a8f0d,3.3137233385780336
seg_98f624,7.675210581841387
seg_89eed6,3.175115521534265
seg_d9a2bb,3.7975832057004215
seg_4b4c91,9.34215732679842
seg_75438e,6.463098268900204
seg_43383f,5.042749560276908
seg_f734c8,9.702107959365607
seg_2d402d,3.8579812037257417
seg_0e1fbe,3.6693622403623367
seg_16566c,5.709465673834237
seg_00c35b,8.763870538318105
seg_411225,3.9156977369170485
seg_a99799,4.241236627882892
seg_ce472b,9.313079805695311
seg_9f6315,3.444451337919754
seg_bce305,3.164376333764225
seg_9e25e9,3.028969261136623
seg_ac45ae,8.007373718940972
seg_1084af,6.710972752723057
seg_1d980f,4.583151539987791
seg_447b8b,7.6493069021180355
seg_28fc32,6.593690558294399
seg_9d2528,6.420312252352067
seg_d398df,4.082119249810671
seg_b36650,3.101473624608712
seg_be65f2,3.037773271382852
seg_d247da,6.579322831293199
seg_69dbad,7.2510802219184605
seg_48b545,7.5679832478523155
seg_b87cf5,9.389111687400034
seg_a8685e,8.73843680976334
seg_98ebaa,8.947251395746546
seg_899bf0,3.757387728311121
seg_29e799,4.432471329937932
seg_004f1f,2.6290194675927707
seg_a93a88,8.482514556373582
seg_b08e9d,8.491021848867344
seg_0dcc40,6.35359302473641
seg_c10a58,8.199102820541299
seg_73b0f7,8.361576088237518
seg_de225c,8.49206019767853
seg_8658b3,7.401792593148192
seg_6b9511,7.139345287270382
seg_8ce632,3.6752974857564302
seg_ddbadc,7.734201368118493
seg_f6c928,8.199102820541299
seg_31064b,3.103114419971296
seg_335170,3.0866128579778125
seg_461ab5,2.9894782661745185
seg_878d2c,10.341555047424887
seg_75a878,3.563701764002878
seg_7a5243,3.4383930855310125
seg_e86f77,2.9664314720465828
seg_bf4ec0,6.871598919530307
seg_6951e0,3.9309327299786094
seg_122ba9,3.1858760015556182
seg_ebec3e,2.7736597393386018
seg_272a47,3.037773271382852
seg_3631ec,3.1718028495238824
seg_9626a4,3.6698696225894136
seg_836ef0,3.1459936475719283
seg_d62e9c,4.243643959896275
seg_f6c0cb,2.813542093322292
seg_4d7c56,3.0883134197169766
seg_f83d28,4.111492161660555
seg_a69246,8.568431070159868
seg_4ea81c,2.9932426696288084
seg_0e1370,3.367749518514627
seg_92bd37,3.9040715305497855
seg_db4185,3.750039255756597
seg_3c4106,2.813542093322292
seg_a35c82,7.977427533700991
seg_2ee95c,8.462566382463768
seg_68da94,3.613036686598418
seg_aa1adf,3.7722984621811566
seg_f71db8,6.765982378862585
seg_4c4995,6.361682033154023
seg_670bde,2.8026494092347343
seg_d668c0,7.484254436292144
seg_cfed24,3.326203298967255
seg_f342a3,4.190951971241088
seg_6e12ee,3.581360906590907
seg_546864,9.95480245908978
seg_5255c0,7.5679832478523155
seg_dc4698,3.2286328110838376
seg_dd0b11,3.25349984269156
seg_d9ce67,3.1531351383023387
seg_bee792,4.685689641024552
seg_507065,4.099862000955607
seg_914a62,3.797643757902304
seg_d356ab,4.254223409330919
seg_2d5544,3.738630406141652
seg_ca44a8,3.658778800344346
seg_65b962,3.60890303521496
seg_4c18e2,2.7736597393386018
seg_ef24bd,3.385933078686517
seg_4cb0d7,4.878167175095898
seg_32f6df,3.008563364512013
seg_e13bd8,3.3514560486381897
seg_903aba,7.632912546725731
seg_423ebe,3.600308893070652
seg_d36342,6.9639954549875895
seg_ab001b,4.343997667898003
seg_bdf84b,5.8571410283149605
seg_72f40a,7.458350756568793
seg_6262c4,8.199102820541299
seg_d36055,9.702107959365607
seg_d1abaa,10.39444162899826
seg_56ebc7,3.244828801114387
seg_2dcd3a,3.41485473328327
seg_20cbac,3.957373883976567
seg_fa488e,4.105054984176968
seg_8dfc7e,2.9448660326267846
seg_3340b9,4.5361147640300095
seg_d0598e,3.149130512554872
seg_34a8f7,8.525810421884511
seg_aa7a4b,6.488191940657918
seg_03d386,3.037773271382852
seg_0e7cc5,7.213444641282755
seg_eabb2c,10.456448941238284
seg_76c2fa,3.8070694978204163
seg_3f2086,10.403760738034444
seg_ecdca4,3.5719269992526788
seg_cc7a19,3.126495211961501
seg_41a267,10.456448941238284
seg_8310ea,8.333806163869767
seg_f679c6,7.632912546725731
seg_4ab7bf,8.462566382463768
seg_58e74b,2.7736597393386018
seg_da80c4,7.6493069021180355
seg_478327,6.647458445655746
seg_0620e6,7.288573709452972
seg_919c5c,2.870794331141896
seg_aeeb31,2.9431654708876205
seg_397983,7.447457039403008
seg_46b84d,8.580500133364644
seg_750d20,6.996930672256156
seg_0b54ac,3.4599372357632587
seg_8e7194,3.3514560486381897
seg_d31583,9.389111687400034
seg_1cb942,10.43046751029831
seg_efbf3e,4.0545557362448825
seg_35c587,2.4330704313344023
seg_15bf25,8.73843680976334
seg_490092,9.573169402727004
seg_50e270,8.73843680976334
seg_eba22d,8.981762718119404
seg_1f1e60,8.488547813403743
seg_718b53,3.0635660638498767
seg_16c3a7,4.444582696819449
seg_5975f4,3.989457132237472
seg_b7eeb6,8.639414710366362
seg_ef27c8,2.9664314720465828
seg_141f34,8.462566382463768
seg_c9481f,6.450872615409343
seg_8b39c4,8.805981557024342
seg_50b048,5.810399231811628
seg_b9365c,3.2431282393752228
seg_48feba,3.313854811493984
seg_58e9f9,10.517354917690053
seg_87232d,6.3715861344448985
seg_655780,3.7761331475482174
seg_4e0c4a,8.462566382463768
seg_a489e1,6.149154198709521
seg_330579,4.421144460804464
seg_21eebb,3.3863287146409924
seg_10f3a6,2.7736597393386018
seg_aaa2ae,3.7511784036791336
seg_55b566,2.9894782661745185
seg_5f355e,8.326565341154758
seg_f43730,6.021302749395456
seg_01a8dc,3.473807532842039
seg_eca2eb,4.885261267717219
seg_079e34,3.1747902171698343
seg_4f48b4,2.7736597393386018
seg_d740b2,8.518041628618505
seg_0870ab,3.2034303061948384
seg_389906,8.199102820541299
seg_3bc9ed,5.852361882736566
seg_b20487,8.428816158257787
seg_30da11,3.0194354820780287
seg_0d434c,10.420423059938237
seg_592807,8.73843680976334
seg_d3f967,3.3261010205190265
seg_fe2aac,4.06150358035666
seg_eebbc2,5.152363917096418
seg_e1a9e0,10.456647319607818
seg_8fb828,9.024725960013507
seg_5559d9,3.3741554460505836
seg_b0bf65,2.9894782661745185
seg_f7de40,9.185983586493403
seg_71936f,3.128715324564582
seg_911066,3.4787343920537723
seg_fb11ba,6.710972752723057
seg_cff594,3.2431282393752228
seg_ea78c0,6.399412768472501
seg_70fb30,8.462566382463768
seg_53103b,4.267677781880848
seg_343571,8.73843680976334
seg_2dfb91,3.116882845800459
seg_a68ffb,7.355435315414599
seg_f11620,3.8218056395986717
seg_620ee4,4.502763079073813
seg_075340,3.581360906590907
seg_3d1f2e,4.227343115900703
seg_970e86,9.015599596818172
seg_e8a4f4,5.7741712811736905
seg_486973,3.4447849555516483
seg_4b8044,3.87179912359692
seg_be19e2,8.008362452489301
seg_c41d1d,3.7799749890581937
seg_04b87a,7.835127456084428
seg_1a0e94,8.488547813403743
seg_90c258,9.771238621920627
seg_4a9e8d,8.00296515040543
seg_b32d1d,3.41485473328327
seg_78addc,7.632912546725731
seg_eb32bc,2.7736597393386018
seg_e86ed1,8.454797589197764
seg_8681aa,7.742148756619396
seg_efc5fb,8.530845848519403
seg_293dbf,3.7457057295947753
seg_59d484,4.2651717477979805
seg_d1eee8,10.420423059938237
seg_e8ac98,2.7736597393386018
seg_5fe414,3.3381244137677486
seg_ea0091,4.295808616679478
seg_31a6cd,3.5191048961304747
seg_63c13d,5.053329299232968
seg_f3c578,2.9742977935826294
seg_cacd0a,4.372984575795833
seg_136285,3.8488641685459006
seg_d1a2b9,2.9894782661745185
seg_ed52ac,10.403760738034444
seg_4e9646,7.831976796742606
seg_f003ca,7.595546794100327
seg_c11a4f,2.9301341075941636
seg_71c9e9,3.088832970580892
seg_8dd2ab,3.283010593358912
seg_af1650,3.7424635081610953
seg_79e301,3.3010039508295628
seg_c5fc3b,9.193252437230207
seg_f88d4a,2.764738413515154
seg_0f8961,8.530845848519403
seg_e60719,10.341555047424887
seg_ca67ee,3.6009667193171637
seg_f9eea3,5.272776768740295
seg_58d52d,10.565596653782489
seg_aa78e0,6.581588271089433
seg_f2a20d,2.8896449098284083
seg_baa745,6.2585360538970765
seg_2f8e19,7.614001845678094
seg_f52cdc,8.488547813403743
seg_218049,3.031532208129645
seg_57b6c0,3.52892966731361
seg_7b3017,9.093294967746107
seg_c6f9c2,4.938693545165265
seg_f4ad4b,3.970435952255421
seg_6e12ae,4.580318372961242
seg_161f5f,3.1879469041017945
seg_6e7f73,10.518654631847845
seg_ba9dbf,3.4341830524115418
seg_f77ee5,8.428816158257787
seg_5887a8,8.93853180822432
seg_6a26de,3.1459936475719283
seg_709b6a,9.389111687400034
seg_3b4414,3.4826839060942394
seg_8fb29e,9.626076077660887
seg_9a8a1f,3.5167140799255585
seg_abda04,8.158775644747234
seg_c17817,2.9894782661745185
seg_beb650,7.3002903543934865
seg_004cd2,8.199102820541299
seg_e0ce38,8.391312404719004
seg_ae3d92,3.5505188025330408
seg_d702b2,8.73843680976334
seg_68a484,8.488547813403743
seg_a8e6df,4.641570262970556
seg_a3ab46,4.236105224532247
seg_268625,3.463018140381502
seg_d63175,5.709465673834237
seg_cc4950,3.1459936475719283
seg_cc2e9b,3.5037377551104174
seg_324537,3.2758860201653097
seg_61b50d,2.9894782661745185
seg_593c34,3.204284079625356
seg_30ad2a,2.9894782661745185
seg_a82229,8.500804070487346
seg_3fdae0,8.493016991995237
seg_aee7c0,8.321934642361901
seg_bb5e15,3.3741554460505836
seg_7c2beb,7.983007463256446
seg_eea20e,7.607008867002378
seg_bfdd14,2.9894782661745185
seg_b8fd73,8.428816158257787
seg_91bf8c,3.2431282393752228
seg_8826f4,3.18215514360192
seg_1eae76,3.101473624608712
seg_bd31bf,4.7152123438538025
seg_b8b72f,2.5348868885901914
seg_a7d0eb,5.053343450336693
seg_e6307f,8.078214128528316
seg_a5d37f,3.2549020119352146
seg_04ee93,8.73843680976334
seg_24e071,3.8502479720810814
seg_65fbac,8.981762718119404
seg_238242,7.0353275087924825
seg_007a37,2.690279997618965
seg_b13fb9,5.673312140479393
seg_aec276,9.674139684939627
seg_9a7d1d,2.9664314720465828
seg_c522f8,8.482514556373582
seg_e80726,5.103338042953095
seg_4ce234,5.895293742162987
seg_b31961,3.3655871566529614
seg_e742dc,8.6413957679235
seg_29c772,4.22882968208082
seg_9e962b,6.728385028703443
seg_850d95,3.2286328110838376
seg_f43ab6,2.8754626400401717
seg_2ba79a,2.870794331141896
seg_8ab3a7,2.9664314720465828
seg_d2cb02,4.789567698570228
seg_105cd9,2.8026494092347343
seg_010eab,7.653559542539227
seg_b782c7,7.5006487916844495
seg_bd2b0c,4.603696637051205
seg_85fb0a,2.9894782661745185
seg_0445d7,6.479524227312603
seg_1ef708,3.6953862547790655
seg_268956,3.5922155845311434
seg_c588c1,8.525810421884511
seg_69a53e,6.8049439906526485
seg_e92526,3.5519186325370047
seg_d27812,5.334855985878291
seg_827c07,2.9696294846843534
seg_9dea8d,8.061123108836252
seg_922990,2.620491941257078
seg_8c1e7d,3.4785188579619546
seg_41aadc,5.9357336983382725
seg_53d818,3.1459936475719283
seg_420bcc,4.0425178614406585
seg_9fe8b9,6.121437840687637
seg_bff05e,9.481294238444644
seg_3b7724,8.428816158257787
seg_857304,3.0883134197169766
seg_d56ae2,7.212203722321547
seg_cecd29,5.671852920562537
seg_bc1d67,7.346810886991751
seg_9bd388,7.598071330725569
seg_98c544,4.362440347007431
seg_c5abaa,7.825517484633436
seg_c9831a,2.7736597393386018
seg_0125d9,4.180358648630349
seg_130e17,3.1459936475719283
seg_83f928,8.428816158257787
seg_6b2ce0,6.912463248448403
seg_45838b,5.810399231811628
seg_06d7ba,3.0883134197169766
seg_8c6e34,4.287541639323545
seg_d11ca8,7.638802871163048
seg_2f1664,8.361576088237518
seg_7428e7,6.586257784727675
seg_3e87b4,2.7736597393386018
seg_acf2f4,8.41984001790011
seg_05a1b0,4.294001299842971
seg_b63de1,2.8754626400401717
seg_59e1db,6.97079427629767
seg_e86e44,4.807396506891016
seg_310230,4.577680735852537
seg_5c0929,3.0776556253665404
seg_bf4bf2,3.1459936475719283
seg_a47cce,8.342629718558221
seg_af959f,9.161252993807633
seg_512b3e,7.671995677508936
seg_38ad16,10.596063853140368
seg_581fac,2.9894782661745185
seg_b2e045,3.0018939875594675
seg_7ddc30,10.395672723650296
seg_c05a7d,8.488547813403743
seg_27f532,10.430871217993381
seg_d1a281,4.478154452939632
seg_53e645,6.745928003863188
seg_812a50,5.831237348591608
seg_464839,6.000464632615478
seg_a5934a,10.43046751029831
seg_e41fc9,4.565251740921016
seg_75c34b,3.2879192282745007
seg_fa796b,2.8864483313612186
seg_f8dd7e,4.613972305703452
seg_d35274,2.9733210500638414
seg_622e9d,2.7736597393386018
seg_ac5c61,8.454797589197764
seg_87a67a,4.048366682720806
seg_bd6f5f,8.518041628618505
seg_f6bae8,5.827808211065513
seg_301c1e,6.171219298616222
seg_a80f6f,5.964311099260629
seg_ce00bb,3.452054341350584
seg_2597af,3.4806909609824817
seg_032822,3.1459936475719283
seg_17e596,7.520610348838447
seg_e067ab,7.076658963993768
seg_4ca6de,7.582139588823841
seg_957ece,3.205104860458567
seg_e5c033,6.5157218240863015
seg_f11f77,3.8864698838659666
seg_bb171f,8.841700832669225
seg_2d3828,3.784322824354813
seg_c21d60,3.974714370417116
seg_967ae4,8.846790726308894
seg_d78e7d,2.8754626400401717
seg_6a05e7,3.109356517482925
seg_32f3a9,4.070093301498757
seg_ea9d37,2.535896695031709
seg_e8ad6b,4.518520099819865
seg_8f3247,7.894768425771482
seg_31c0f4,10.39444162899826
seg_d962cc,8.428816158257787
seg_ecf28d,8.577892539685035
seg_c671f7,7.094638751065338
seg_32ad0f,10.420423059938237
seg_295b1c,9.609246986261336
seg_2313d1,3.7370604165188666
seg_158764,6.424826760707079
seg_0e8b79,8.428816158257787
seg_679dd2,8.09114159714683
seg_9c00d7,10.577932261035373
seg_2ea616,2.982951986504871
seg_fa4df0,4.479458774995549
seg_158691,3.4948281011846207
seg_9d68cf,3.133233405481899
seg_f6f523,3.136608424925309
seg_5467c8,8.859867916044633
seg_6d35cd,4.213275360366045
seg_0dfe8c,2.8613552449927337
seg_54490e,8.73843680976334
seg_0c74cf,4.03013317087342
seg_02042f,3.2019495735137538
seg_ed3e4c,7.212203722321547
seg_81f798,3.2691335633199694
seg_10a595,4.466987240432311
seg_89791c,3.62511049753484
seg_e09301,2.8026494092347343
seg_c7a401,4.4877417034273
seg_643f86,8.695251468856032
seg_913ffc,4.947409823792877
seg_1dec9c,9.771238621920627
seg_9a1a4f,4.0686283413868365
seg_4a2525,8.488547813403743
seg_0536c9,2.8724948928810603
seg_51f0a2,3.927730009166848
seg_e9272e,3.431627791501544
seg_25aa9f,8.554265888288088
seg_d07ce8,8.428816158257787
seg_284923,8.54546057095513
seg_35b753,4.201155239426833
seg_f056d8,4.457869788474415
seg_f6a217,3.7780920644992175
seg_b51b7c,5.863076567069005
seg_69787a,7.354930103222829
seg_6fb17f,6.843432424314482
seg_0d13a7,3.416984902035864
seg_a9089b,3.1459936475719283
seg_f073e2,4.726030884374541
seg_0012b5,4.9018696240756086
seg_ba98dc,3.2237848155503843
seg_8a8220,6.7405549018819
seg_fc57d4,2.7736597393386018
seg_cee7d0,10.395672723650296
seg_5cde88,3.5659605807294423
seg_75e669,3.1459936475719283
seg_484901,3.27148291222664
seg_fb1f5c,8.518041628618505
seg_529c99,3.8710669468784213
seg_08fd5b,4.165130103210421
seg_e65e69,3.897766194240712
seg_afd665,4.201536058030652
seg_946d9a,3.4551927000847686
seg_82c138,8.484918639780242
seg_5cd98b,3.4000598460806803
seg_14f5f0,8.439411961602023
seg_48a80c,2.8460308790843265
seg_2c3203,2.9894782661745185
seg_661629,3.3523349962340188
seg_293dc2,3.40271053819289
seg_853302,9.376780594044
seg_17adc0,4.4057904877281535
seg_3d6aac,8.423396469098915
seg_9b44d2,8.428816158257787
seg_755d50,3.657542913497582
seg_de98fa,2.7736597393386018
seg_3aca44,3.1459936475719283
seg_a8bb2f,3.915987062714355
seg_0042cc,6.3715861344448985
seg_006e4a,3.1190211309487967
seg_ae3388,7.076658963993768
seg_5445bc,3.091953228767297
seg_d1b91e,7.253848103133532
seg_41ab7e,7.590119123988242
seg_fb74f0,8.361576088237518
seg_e6c973,8.73843680976334
seg_b4c040,3.320917408791865
seg_3a22ac,4.298406841085985
seg_c267a5,3.333818348022322
seg_3fc7ca,8.454797589197764
seg_59818b,7.141312793024205
seg_d9750c,4.322092344826316
seg_739856,10.599077139583123
seg_0b76f5,10.456448941238284
seg_0aa0fb,7.1924246146846045
seg_71238c,8.462566382463768
seg_a06228,6.142884472807799
seg_92be9f,4.173324952862896
seg_ec73d5,3.2130952094060525
seg_6e572a,3.0441616204125275
seg_99ccbd,2.7736597393386018
seg_94d573,8.029757067260729
seg_d0c280,2.7736597393386018
seg_d1a8b3,3.029880171022123
seg_b6cb2b,3.6009667193171637
seg_d83890,2.9894782661745185
seg_1f3d44,6.664279704565277
seg_04ae38,3.5491993339851944
seg_0c12cc,8.199102820541299
seg_65c4e1,8.094294780756575
seg_6d01a3,7.9844985857224415
seg_816b7a,3.2051311614680387
seg_b35174,3.037773271382852
seg_112b81,6.054613492403206
seg_a86a05,8.094411625223003
seg_185ad6,8.693333686638681
seg_7df3dd,6.123136743123967
seg_5bc0b0,7.854148763590951
seg_1815fe,8.805587220924519
seg_bd629b,3.6013003369490586
seg_bf1a72,4.455538127107966
seg_d39131,9.485145973564144
seg_ffbd6a,2.9894782661745185
seg_2bf5be,8.454797589197764
seg_f30b2f,6.479524227312603
seg_bcc8f1,4.627733092913765
seg_9122aa,4.0119879908241325
seg_5e020f,3.4979475963611653
seg_23f823,3.4677557116642186
seg_afca81,3.3257674028871316
seg_3ba485,10.39444162899826
seg_f865be,3.1260683878529463
seg_7a09ec,7.022871227342953
seg_f2750c,5.827808211065513
seg_208ba5,2.9742977935826294
seg_fbddb9,9.702107959365607
seg_fa6383,6.79327310658082
seg_c25855,8.525810421884511
seg_5090fa,7.364716949095397
seg_e8b2b3,8.61558745879691
seg_1f5240,3.687110829170381
seg_304581,4.042930170688418
seg_7f5b6f,8.454797589197764
seg_fa9f00,3.616107910274797
seg_e7d1f8,2.9894782661745185
seg_289d99,2.8460308790843265
seg_20d9de,10.644165609691235
seg_bca500,6.8406162538265685
seg_a14212,3.1745497215561405
seg_ba0485,9.641580484076757
seg_95b321,3.7333512332666463
seg_425462,3.627726952306069
seg_d5f344,4.37515654516056
seg_369570,4.164948825769705
seg_5b8c39,3.80249548473836
seg_7a9f2b,2.8026494092347343
seg_1c4e72,4.774794279034704
seg_afa4a1,8.985471832712568
seg_2c6011,4.408719009261415
seg_2383c2,6.322433982812832
seg_42e7e8,5.098371508328231
seg_7aeca4,8.000255693773163
seg_b80358,9.143308402132538
seg_dc1cf0,8.677527886266452
seg_dca2c2,8.428816158257787
seg_ee8f87,4.038285686522482
seg_1c904f,3.0452568262818565
seg_460436,8.6413957679235
seg_9caf50,9.451310187105896
seg_8472f3,10.67896039633925
seg_29c906,3.0883134197169766
seg_71b975,3.283010593358912
seg_8509db,5.730303790614216
seg_d60d18,5.2000455654032764
seg_3d06cc,6.047206429118807
seg_a1e5b0,8.60536988662345
seg_5254ce,8.350651452241495
seg_616c8b,8.657656540520586
seg_e4f203,5.884750943280697
seg_ad3cf0,2.9664314720465828
seg_288001,3.5037377551104174
seg_b1a35c,7.983007463256446
seg_adf94a,2.7736597393386018
seg_ee87e2,2.9894782661745185
seg_0981f3,3.2237848155503843
seg_4d0c45,6.602283263961701
seg_1afa29,4.286710708711009
seg_f19f8e,8.705815855370982
seg_7c88d1,2.9894782661745185
seg_9485c0,3.1632623045477626
seg_94a133,6.628085809704605
seg_0e3ed2,4.245090397426405
seg_92a5f1,4.4743005184912175
seg_807901,3.707812584006749
seg_e72f10,7.983454161032128
seg_fe73b1,9.269470464940994
seg_2f86cd,2.7736597393386018
seg_9df32d,3.2286328110838376
seg_d4ea17,8.57339986174117
seg_9f12c6,3.6639223038437954
seg_c627fc,7.212203722321547
seg_00cc91,3.0883134197169766
seg_b26368,3.229116887883484
